name,eco,fen,moves
Alekhine Defense,B02,rnbqkb1r/pppppppp/5n2/8/4P3/8/PPPP1PPP/RNBQKBNR w KQkq,  e4 Nf6
Alekhine Defense: Brooklyn Variation,B02,rnbqkbnr/pppppppp/8/4P3/8/8/PPPP1PPP/RNBQKBNR w KQkq,  e4 Nf6   e5 Ng8
"Alekhine Defense: Brooklyn Variation, Everglades Variation",B02,rnbqkbnr/ppppp1pp/8/4Pp2/3P4/8/PPP2PPP/RNBQKBNR w KQkq,  e4 Nf6   e5 Ng8   d4 f5
Alekhine Defense: Buckley Attack,B03,rnbqkb1r/pppppppp/8/3nP3/8/N7/PPPP1PPP/R1BQKBNR b KQkq,  e4 Nf6   e5 Nd5   Na3
Alekhine Defense: Krejcik Variation,B02,rnbqkb1r/pppppppp/5n2/8/2B1P3/8/PPPP1PPP/RNBQK1NR b KQkq,  e4 Nf6   Bc4
Alekhine Defense: Maroczy Variation,B02,rnbqkb1r/pppppppp/5n2/8/4P3/3P4/PPP2PPP/RNBQKBNR b KQkq,  e4 Nf6   d3
Alekhine Defense: Mokele Mbembe,B02,rnbqkb1r/pppppppp/8/4P3/4n3/8/PPPP1PPP/RNBQKBNR w KQkq,  e4 Nf6   e5 Ne4
"Alekhine Defense: Mokele Mbembe, Modern Line",B02,rnbqkb1r/ppppp1pp/5p2/4P3/3Pn3/8/PPP2PPP/RNBQKBNR w KQkq,  e4 Nf6   e5 Ne4   d4 f6
"Alekhine Defense: Mokele Mbembe, Vavra Defense",B02,rnbqkb1r/pppp1ppp/4p3/4P3/3Pn3/8/PPP2PPP/RNBQKBNR w KQkq,  e4 Nf6   e5 Ne4   d4 e6
Alekhine Defense: Normal Variation,B02,rnbqkb1r/pppppppp/8/3nP3/8/8/PPPP1PPP/RNBQKBNR w KQkq,  e4 Nf6   e5 Nd5
Alekhine Defense: O'Sullivan Gambit,B03,rnbqkb1r/p1pppppp/8/1p1nP3/3P4/8/PPP2PPP/RNBQKBNR w KQkq,  e4 Nf6   e5 Nd5   d4 b5
Alekhine Defense: Saemisch Attack,B02,rnbqkb1r/pppppppp/8/3nP3/8/2N5/PPPP1PPP/R1BQKBNR b KQkq,  e4 Nf6   e5 Nd5   Nc3
Alekhine Defense: Scandinavian Variation,B02,rnbqkb1r/ppp1pppp/5n2/3p4/4P3/2N5/PPPP1PPP/R1BQKBNR w KQkq,  e4 Nf6   Nc3 d5
Alekhine Defense: Two Pawn Attack,B02,rnbqkb1r/pppppppp/8/3nP3/2P5/8/PP1P1PPP/RNBQKBNR b KQkq,  e4 Nf6   e5 Nd5   c4
Alekhine Defense: Welling Variation,B02,rnbqkb1r/pppppppp/8/3nP3/8/1P6/P1PP1PPP/RNBQKBNR b KQkq,  e4 Nf6   e5 Nd5   b3
Amar Opening,E00,rnbqkbnr/pppppppp/8/8/8/7N/PPPPPPPP/RNBQKB1R b KQkq,  Nh3
Amar Opening: Paris Gambit,A00,rnbqkbnr/ppp2ppp/8/3pp3/5P2/6PN/PPPPP2P/RNBQKB1R b KQkq,  Nh3 d5   g3 e5   f4
Amazon Attack,D00,rnbqkbnr/ppp1pppp/8/3p4/3P4/3Q4/PPP1PPPP/RNB1KBNR b KQkq,  d4 d5   Qd3
Amazon Attack: Siberian Attack,D00,rnbqkb1r/ppp1pppp/5n2/3p4/3P4/2NQ4/PPP1PPPP/R1B1KBNR b KQkq,  d4 Nf6   Nc3 d5   Qd3
Anderssen Opening,A00,rnbqkbnr/pppppppp/8/8/8/P7/1PPPPPPP/RNBQKBNR b KQkq,  a3
Anderssen Opening: Polish Gambit,A00,rnbqkbnr/1ppppppp/8/p7/1P6/P7/2PPPPPP/RNBQKBNR b KQkq,  a3 a5   b4
Australian Defense,A40,r1bqkbnr/pppppppp/n7/8/3P4/8/PPP1PPPP/RNBQKBNR w KQkq,  d4 Na6
Barnes Defense,B00,rnbqkbnr/ppppp1pp/5p2/8/4P3/8/PPPP1PPP/RNBQKBNR w KQkq,  e4 f6
Barnes Opening: Fool's Mate,A00,rnb1kbnr/pppp1ppp/8/4p3/6Pq/5P2/PPPPP2P/RNBQKBNR w KQkq,  f3 e5   g4 Qh4#
Barnes Opening: Gedult Gambit,A00,rnbqkbnr/ppppp1pp/8/8/4p3/2N2P2/PPPP2PP/R1BQKBNR b KQkq,  f3 f5   e4 fxe4   Nc3
Barnes Opening: Hammerschlag,A00,rnbqkbnr/pppp1ppp/8/4p3/8/5P2/PPPPPKPP/RNBQ1BNR b kq,  f3 e5   Kf2
Barnes Opening: Walkerling,A00,rnbqkb1r/pppp1ppp/5n2/4p3/2B1P3/5P2/PPPP2PP/RNBQK1NR b KQkq,  f3 e5   e4 Nf6   Bc4
Benko Gambit,A57,rnbqkb1r/p2ppppp/5n2/1ppP4/2P5/8/PP2PPPP/RNBQKBNR w KQkq,  d4 Nf6   c4 c5   d5 b5
Benoni Defense,A56,rnbqkb1r/pp1ppppp/5n2/2p5/2PP4/8/PP2PPPP/RNBQKBNR w KQkq,  d4 Nf6   c4 c5
Benoni Defense: Benoni Gambit Accepted,A43,rnbqkbnr/pp1ppppp/8/2P5/8/8/PPP1PPPP/RNBQKBNR b KQkq,  d4 c5   dxc5
"Benoni Defense: Benoni Gambit, Schlenker Defense",A43,r1bqkbnr/pp1ppppp/n7/2P5/8/8/PPP1PPPP/RNBQKBNR w KQkq,  d4 c5   dxc5 Na6
Benoni Defense: Benoni-Indian Defense,A43,rnbqkb1r/pp1ppppp/5n2/2pP4/8/8/PPP1PPPP/RNBQKBNR w KQkq,  d4 c5   d5 Nf6
"Benoni Defense: Benoni-Indian Defense, Kingside Move Order",A43,rnbqkb1r/pp1ppppp/5n2/2pP4/8/5N2/PPP1PPPP/RNBQKB1R b KQkq,  d4 Nf6   Nf3 c5   d5
Benoni Defense: Benoni-Staunton Gambit,A43,rnbqkbnr/pp1pp1pp/8/2pP1p2/4P3/8/PPP2PPP/RNBQKBNR b KQkq,  d4 c5   d5 f5   e4
Benoni Defense: Cormorant Gambit,A43,rnbqkbnr/p2ppppp/1p6/2P5/8/8/PPP1PPPP/RNBQKBNR w KQkq,  d4 c5   dxc5 b6
Benoni Defense: Czech Benoni Defense,A56,rnbqkb1r/pp1p1ppp/5n2/2pPp3/2P5/8/PP2PPPP/RNBQKBNR w KQkq,  d4 Nf6   c4 c5   d5 e5
Benoni Defense: Hawk Variation,A43,rnbqkb1r/pp1ppppp/5n2/3P4/2p5/5N2/PPP1PPPP/RNBQKB1R w KQkq,  d4 Nf6   Nf3 c5   d5 c4
Benoni Defense: Hromadka System,A57,rnbqkb1r/pp2pppp/3p1n2/2pP4/2P5/8/PP2PPPP/RNBQKBNR w KQkq,  d4 Nf6   c4 c5   d5 d6
Benoni Defense: Modern Variation,A60,rnbqkb1r/pp1p1ppp/4pn2/2pP4/2P5/8/PP2PPPP/RNBQKBNR w KQkq,  d4 Nf6   c4 c5   d5 e6
Benoni Defense: Old Benoni,A43,rnbqkbnr/pp2pppp/3p4/2pP4/8/8/PPP1PPPP/RNBQKBNR w KQkq,  d4 c5   d5 d6
"Benoni Defense: Old Benoni, Schmid Variation",A43,rnbqkbnr/pp2pp1p/3p2p1/2pP4/8/2N5/PPP1PPPP/R1BQKBNR w KQkq,  d4 c5   d5 d6   Nc3 g6
Benoni Defense: Snail Variation,A43,r1bqkbnr/pp1ppppp/n7/2pP4/8/8/PPP1PPPP/RNBQKBNR w KQkq,  d4 c5   d5 Na6
Benoni Defense: Zilbermints-Benoni Gambit,A43,rnbqkbnr/pp1ppppp/8/2p5/1P1P4/8/P1P1PPPP/RNBQKBNR b KQkq,  d4 c5   b4
Bird Opening,A02,rnbqkbnr/pppppppp/8/8/5P2/8/PPPPP1PP/RNBQKBNR b KQkq,  f4
Bird Opening: Batavo-Polish Attack,A02,rnbqkb1r/pppppp1p/5np1/8/1P3P2/5N2/P1PPP1PP/RNBQKB1R b KQkq,  f4 Nf6   Nf3 g6   b4
Bird Opening: Dutch Variation,A03,rnbqkbnr/ppp1pppp/8/3p4/5P2/8/PPPPP1PP/RNBQKBNR w KQkq,  f4 d5
"Bird Opening: Dutch Variation, Dudweiler Gambit",A02,rnbqkbnr/ppp1pppp/8/3p4/5PP1/8/PPPPP2P/RNBQKBNR b KQkq,  f4 d5   g4
Bird Opening: From's Gambit,A02,rnbqkbnr/pppp1ppp/8/4p3/5P2/8/PPPPP1PP/RNBQKBNR w KQkq,  f4 e5
"Bird Opening: From's Gambit, Bahr Gambit",A02,rnbqkbnr/pppp1ppp/8/4p3/5P2/2N5/PPPPP1PP/R1BQKBNR b KQkq,  f4 e5   Nc3
Bird Opening: Hobbs Gambit,A02,rnbqkbnr/pppppp1p/8/6p1/5P2/8/PPPPP1PP/RNBQKBNR w KQkq,  f4 g5
Bird Opening: Hobbs-Zilbermints Gambit,A02,rnbqkbnr/pppppp2/7p/6p1/5P2/5N2/PPPPP1PP/RNBQKB1R w KQkq,  f4 h6   Nf3 g5
Bird Opening: Horsefly Defense,A03,rnbqkb1r/pppppppp/7n/8/5P2/8/PPPPP1PP/RNBQKBNR w KQkq,  f4 Nh6
Bird Opening: Lasker Gambit,A02,rnbqkbnr/pppp2pp/5p2/4P3/8/8/PPPPP1PP/RNBQKBNR w KQkq,  f4 e5   fxe5 f6
Bird Opening: Lasker Variation,A03,rnbqkb1r/pp2pppp/5n2/2pp4/5P2/4PN2/PPPP2PP/RNBQKB1R w KQkq,  f4 d5   Nf3 Nf6   e3 c5
Bird Opening: Mujannah,A03,rnbqkb1r/pppppppp/5n2/8/2P2P2/8/PP1PP1PP/RNBQKBNR b KQkq,  f4 Nf6   c4
Bird Opening: Myers Defense,A02,rnbqkbnr/p1pppppp/8/1p6/5P2/8/PPPPP1PP/RNBQKBNR w KQkq,  f4 b5
Bird Opening: Platz Gambit,A02,rnbqkb1r/ppppnppp/8/4P3/8/8/PPPPP1PP/RNBQKBNR w KQkq,  f4 e5   fxe5 Ne7
Bird Opening: Schlechter Gambit,A02,r1bqkbnr/pppp1ppp/2n5/4P3/8/8/PPPPP1PP/RNBQKBNR w KQkq,  f4 e5   fxe5 Nc6
Bird Opening: Sturm Gambit,A02,rnbqkbnr/ppp1pppp/8/3p4/2P2P2/8/PP1PP1PP/RNBQKBNR b KQkq,  f4 d5   c4
Bird Opening: Wagner-Zwitersch Gambit,A02,rnbqkbnr/ppppp1pp/8/5p2/4PP2/8/PPPP2PP/RNBQKBNR b KQkq,  f4 f5   e4
Bird Opening: Williams Gambit,A03,rnbqkbnr/ppp1pppp/8/3p4/4PP2/8/PPPP2PP/RNBQKBNR b KQkq,  f4 d5   e4
Bishop's Opening,C23,rnbqkbnr/pppp1ppp/8/4p3/2B1P3/8/PPPP1PPP/RNBQK1NR b KQkq,  e4 e5   Bc4
Bishop's Opening: Berlin Defense,C24,rnbqkb1r/pppp1ppp/5n2/4p3/2B1P3/8/PPPP1PPP/RNBQK1NR w KQkq,  e4 e5   Bc4 Nf6
"Bishop's Opening: Berlin Defense, Greco Gambit",C23,rnbqkb1r/pppp1ppp/5n2/4p3/2B1PP2/8/PPPP2PP/RNBQK1NR b KQkq,  e4 e5   Bc4 Nf6   f4
Bishop's Opening: Boi Variation,C20,rnbqk1nr/pppp1ppp/8/2b1p3/2B1P3/8/PPPP1PPP/RNBQK1NR w KQkq,  e4 e5   Bc4 Bc5
Bishop's Opening: Calabrese Countergambit,C23,rnbqkbnr/pppp2pp/8/4pp2/2B1P3/8/PPPP1PPP/RNBQK1NR w KQkq,  e4 e5   Bc4 f5
"Bishop's Opening: Calabrese Countergambit, Jaenisch Variation",C23,rnbqkbnr/pppp2pp/8/4pp2/2B1P3/3P4/PPP2PPP/RNBQK1NR b KQkq,  e4 e5   Bc4 f5   d3
Bishop's Opening: Khan Gambit,C23,rnbqkbnr/ppp2ppp/8/3pp3/2B1P3/8/PPPP1PPP/RNBQK1NR w KQkq,  e4 e5   Bc4 d5
Bishop's Opening: Lewis Countergambit,C23,rnbqk1nr/ppp2ppp/8/2bpp3/2B1P3/2P5/PP1P1PPP/RNBQK1NR w KQkq,  e4 e5   Bc4 Bc5   c3 d5
Bishop's Opening: Lewis Gambit,C23,rnbqk1nr/pppp1ppp/8/2b1p3/2BPP3/8/PPP2PPP/RNBQK1NR b KQkq,  e4 e5   Bc4 Bc5   d4
Bishop's Opening: Lopez Variation,C23,rnbqk1nr/pppp1ppp/8/2b1p3/2B1P3/8/PPPPQPPP/RNB1K1NR b KQkq,  e4 e5   Bc4 Bc5   Qe2
Bishop's Opening: McDonnell Gambit,C23,rnbqk1nr/pppp1ppp/8/2b1p3/1PB1P3/8/P1PP1PPP/RNBQK1NR b KQkq,  e4 e5   Bc4 Bc5   b4
Bishop's Opening: Philidor Counterattack,C23,rnbqkbnr/pp1p1ppp/2p5/4p3/2B1P3/8/PPPP1PPP/RNBQK1NR w KQkq,  e4 e5   Bc4 c6
Bishop's Opening: Philidor Variation,C23,rnbqk1nr/pppp1ppp/8/2b1p3/2B1P3/2P5/PP1P1PPP/RNBQK1NR b KQkq,  e4 e5   Bc4 Bc5   c3
Bishop's Opening: Ponziani Gambit,C24,rnbqkb1r/pppp1ppp/5n2/4p3/2BPP3/8/PPP2PPP/RNBQK1NR b KQkq,  e4 e5   Bc4 Nf6   d4
Bishop's Opening: Stein Gambit,C23,rnbqk1nr/pppp1ppp/8/2b1p3/2B1PP2/8/PPPP2PP/RNBQK1NR b KQkq,  e4 e5   Bc4 Bc5   f4
Blackmar-Diemer Gambit,D00,rnbqkbnr/ppp1pppp/8/3p4/3PP3/8/PPP2PPP/RNBQKBNR b KQkq,  d4 d5   e4
Blackmar-Diemer Gambit: Diemer-Rosenberg Attack,D00,rnbqkbnr/ppp1pppp/8/8/3Pp3/4B3/PPP2PPP/RN1QKBNR b KQkq,  d4 d5   e4 dxe4   Be3
Blackmar-Diemer Gambit: Fritz Attack,D00,rnbqkbnr/ppp1pppp/8/8/2BPp3/8/PPP2PPP/RNBQK1NR b KQkq,  d4 d5   e4 dxe4   Bc4
Blackmar-Diemer Gambit: Gedult Gambit,D00,rnbqkbnr/ppp1pppp/8/8/3Pp3/5P2/PPP3PP/RNBQKBNR b KQkq,  d4 d5   e4 dxe4   f3
"Blackmar-Diemer, Lemberger Countergambit",D00,rnbqkb1r/ppp2ppp/5n2/3pp3/3PP3/2N5/PPP2PPP/R1BQKBNR w KQkq,  d4 d5   Nc3 Nf6   e4 e5
Blumenfeld Countergambit,E10,rnbqkb1r/pp1p1ppp/4pn2/2p5/2PP4/5N2/PP2PPPP/RNBQKB1R w KQkq,  d4 Nf6   c4 e6   Nf3 c5
Bongcloud Attack,C20,rnbqkbnr/pppp1ppp/8/4p3/4P3/8/PPPPKPPP/RNBQ1BNR b kq,  e4 e5   Ke2
Borg Defense,B00,rnbqkbnr/pppppp1p/8/6p1/4P3/8/PPPP1PPP/RNBQKBNR w KQkq,  e4 g5
Borg Defense: Borg Gambit,A40,rnbqkbnr/pppppp1p/8/6p1/3P4/8/PPP1PPPP/RNBQKBNR w KQkq,  d4 g5
Borg Defense: Troon Gambit,B00,rnbqkbnr/pppppp2/7p/8/3PP1pP/8/PPP2PP1/RNBQKBNR w KQkq,  e4 g5   d4 h6   h4 g4
Borg Opening: Zilbermints Gambit,B00,rnbqkbnr/pppp1p1p/8/4p1p1/3PP3/8/PPP2PPP/RNBQKBNR w KQkq,  e4 g5   d4 e5
Bronstein Gambit,A45,rnbqkb1r/pppppppp/5n2/8/3P2P1/8/PPP1PP1P/RNBQKBNR b KQkq,  d4 Nf6   g4
Canard Opening,A45,rnbqkb1r/pppppppp/5n2/8/3P1P2/8/PPP1P1PP/RNBQKBNR b KQkq,  d4 Nf6   f4
Caro-Kann Defense,B10,rnbqkbnr/pp1ppppp/2p5/8/4P3/8/PPPP1PPP/RNBQKBNR w KQkq,  e4 c6
Caro-Kann Defense: Accelerated Panov Attack,B10,rnbqkbnr/pp1ppppp/2p5/8/2P1P3/8/PP1P1PPP/RNBQKBNR b KQkq,  e4 c6   c4
"Caro-Kann Defense: Accelerated Panov Attack, Open Variation",B10,rnbqkbnr/pp1p1ppp/2p5/4p3/2P1P3/8/PP1P1PPP/RNBQKBNR w KQkq,  e4 c6   c4 e5
Caro-Kann Defense: Advance Variation,B12,rnbqkbnr/pp2pppp/2p5/3pP3/3P4/8/PPP2PPP/RNBQKBNR b KQkq,  e4 c6   d4 d5   e5
"Caro-Kann Defense: Advance Variation, Botvinnik-Carls Defense",B12,rnbqkbnr/pp2pppp/8/2ppP3/3P4/8/PPP2PPP/RNBQKBNR w KQkq,  e4 c6   d4 d5   e5 c5
Caro-Kann Defense: Breyer Variation,B10,rnbqkbnr/pp1ppppp/2p5/8/4P3/3P4/PPP2PPP/RNBQKBNR b KQkq,  e4 c6   d3
Caro-Kann Defense: De Bruycker Defense,A40,r1bqkbnr/pp1ppppp/n1p5/8/3PP3/8/PPP2PPP/RNBQKBNR w KQkq,  e4 c6   d4 Na6
Caro-Kann Defense: Edinburgh Variation,B12,rnb1kbnr/pp2pppp/1qp5/3p4/3PP3/8/PPPN1PPP/R1BQKBNR w KQkq,  e4 c6   d4 d5   Nd2 Qb6
Caro-Kann Defense: Euwe Attack,B10,rnbqkbnr/pp1ppppp/2p5/8/4P3/1P6/P1PP1PPP/RNBQKBNR b KQkq,  e4 c6   b3
"Caro-Kann Defense: Euwe Attack, Prins Gambit",B10,rnbqkbnr/pp2pppp/8/2pp4/4P3/1P6/PBPP1PPP/RN1QKBNR b KQkq,  e4 c5   b3 d5   Bb2
Caro-Kann Defense: Exchange Variation,B13,rnbqkbnr/pp2pppp/2p5/3P4/3P4/8/PPP2PPP/RNBQKBNR b KQkq,  e4 c6   d4 d5   exd5
Caro-Kann Defense: Goldman Variation,B12,rnbqkbnr/pp2pppp/2p5/3p4/4P3/2N2Q2/PPPP1PPP/R1B1KBNR b KQkq,  e4 c6   Nc3 d5   Qf3
Caro-Kann Defense: Gurgenidze Counterattack,B15,rnbqkbnr/p3pppp/2p5/1p1p4/3PP3/2N5/PPP2PPP/R1BQKBNR w KQkq,  e4 c6   d4 d5   Nc3 b5
Caro-Kann Defense: Gurgenidze System,B15,rnbqkbnr/pp2pp1p/2p3p1/3p4/3PP3/2N5/PPP2PPP/R1BQKBNR w KQkq,  e4 c6   d4 d5   Nc3 g6
Caro-Kann Defense: Hillbilly Attack,B00,rnbqkbnr/pp1ppppp/2p5/8/2B1P3/8/PPPP1PPP/RNBQK1NR b KQkq,  e4 c6   Bc4
Caro-Kann Defense: Labahn Attack,B10,rnbqkbnr/pp1ppppp/2p5/8/1P2P3/8/P1PP1PPP/RNBQKBNR b KQkq,  b4 c6   e4
"Caro-Kann Defense: Labahn Attack, Double Gambit",B10,rnbqkbnr/pp2pppp/2p5/1P1p4/4P3/8/P1PP1PPP/RNBQKBNR b KQkq,  e4 c6   b4 d5   b5
"Caro-Kann Defense: Labahn Attack, Polish Variation",B10,rnbqkbnr/pp1p1ppp/2p5/4p3/1P2P3/8/PBPP1PPP/RN1QKBNR b KQkq,  e4 c6   b4 e5   Bb2
Caro-Kann Defense: Maroczy Variation,B12,rnbqkbnr/pp2pppp/2p5/3p4/3PP3/5P2/PPP3PP/RNBQKBNR b KQkq,  e4 c6   d4 d5   f3
Caro-Kann Defense: Masi Variation,B10,rnbqkb1r/pp1ppppp/2p2n2/8/3PP3/8/PPP2PPP/RNBQKBNR w KQkq,  e4 c6   d4 Nf6
Caro-Kann Defense: Massachusetts Defense,B10,rnbqkbnr/pp1pp1pp/2p5/5p2/3PP3/8/PPP2PPP/RNBQKBNR w KQkq,  e4 c6   d4 f5
Caro-Kann Defense: Mieses Gambit,B12,rnbqkbnr/pp2pppp/2p5/3p4/3PP3/4B3/PPP2PPP/RN1QKBNR b KQkq,  e4 c6   d4 d5   Be3
Caro-Kann Defense: Modern Variation,B12,rnbqkbnr/pp2pppp/2p5/3p4/3PP3/8/PPPN1PPP/R1BQKBNR b KQkq,  e4 c6   d4 d5   Nd2
Caro-Kann Defense: Spike Variation,B10,rnbqkbnr/pp1ppppp/2p5/8/4P1P1/8/PPPP1P1P/RNBQKBNR b KQkq,  e4 c6   g4
Caro-Kann Defense: Toikkanen Gambit,B10,rnbqkbnr/pp2pppp/2p5/3pP3/2P5/8/PP1P1PPP/RNBQKBNR b KQkq,  e4 c6   c4 d5   e5
Caro-Kann Defense: Two Knights Attack,B10,rnbqkbnr/pp2pppp/2p5/3p4/4P3/2N2N2/PPPP1PPP/R1BQKB1R b KQkq,  e4 c6   Nc3 d5   Nf3
Carr Defense,B00,rnbqkbnr/ppppppp1/7p/8/4P3/8/PPPP1PPP/RNBQKBNR w KQkq,  e4 h6
Carr Defense: Zilbermints Gambit,B00,rnbqkbnr/pppp1pp1/7p/4p3/3PP3/8/PPP2PPP/RNBQKBNR w KQkq,  e4 h6   d4 e5
Catalan Opening,E00,rnbqkb1r/pppp1ppp/4pn2/8/2PP4/6P1/PP2PP1P/RNBQKBNR b KQkq,  d4 Nf6   c4 e6   g3
Catalan Opening: Hungarian Gambit,E00,rnbqkb1r/pppp1ppp/5n2/4p3/2PP4/6P1/PP2PP1P/RNBQKBNR w KQkq,  d4 Nf6   c4 e6   g3 e5
Center Game,C21,rnbqkbnr/pppp1ppp/8/4p3/3PP3/8/PPP2PPP/RNBQKBNR b KQkq,  e4 e5   d4
Center Game Accepted,C21,rnbqkbnr/pppp1ppp/8/8/3pP3/8/PPP2PPP/RNBQKBNR w KQkq,  e4 e5   d4 exd4
Center Game: Halasz-McDonnell Gambit,C21,rnbqkbnr/pppp1ppp/8/8/3pPP2/8/PPP3PP/RNBQKBNR b KQkq,  e4 e5   d4 exd4   f4
Center Game: Kieseritzky Variation,C21,rnbqkbnr/pppp1ppp/8/8/3pP3/5N2/PPP2PPP/RNBQKB1R b KQkq,  e4 e5   d4 exd4   Nf3
Center Game: Ross Gambit,C21,rnbqkbnr/pppp1ppp/8/8/3pP3/3B4/PPP2PPP/RNBQK1NR b KQkq,  e4 e5   d4 exd4   Bd3
Center Game: von der Lasa Gambit,C21,rnbqkbnr/pppp1ppp/8/8/2BpP3/8/PPP2PPP/RNBQK1NR b KQkq,  e4 e5   d4 exd4   Bc4
Clemenz Opening,A00,rnbqkbnr/pppppppp/8/8/8/7P/PPPPPPP1/RNBQKBNR b KQkq,  h3
Clemenz Opening: Spike Lee Gambit,A00,rnbqkbnr/ppppppp1/8/7p/6P1/7P/PPPPPP2/RNBQKBNR b KQkq,  h3 h5   g4
Colle System,D05,rnbqkb1r/ppp2ppp/4pn2/3p4/3P4/4PN2/PPP2PPP/RNBQKB1R w KQkq,  d4 d5   Nf3 Nf6   e3 e6
Crab Opening,A00,rnbqkbnr/pppp1ppp/8/4p3/P6P/8/1PPPPPP1/RNBQKBNR b KQkq,  a4 e5   h4
Creepy Crawly Formation: Classical Defense,A00,rnbqkbnr/ppp2ppp/8/3pp3/8/P6P/1PPPPPP1/RNBQKBNR w KQkq,  h3 d5   a3 e5
Czech Defense,B07,rnbqkb1r/pp2pppp/2pp1n2/8/3PP3/2N5/PPP2PPP/R1BQKBNR w KQkq,  e4 d6   d4 Nf6   Nc3 c6
Danish Gambit,C21,rnbqkbnr/pppp1ppp/8/8/3pP3/2P5/PP3PPP/RNBQKBNR b KQkq,  e4 e5   d4 exd4   c3
"Danish Gambit Declined, Sorensen Defense",C21,rnbqkbnr/ppp2ppp/8/3p4/3pP3/2P5/PP3PPP/RNBQKBNR w KQkq,  e4 e5   d4 exd4   c3 d5
Doery Defense,A46,rnbqkb1r/pppppppp/8/8/3Pn3/5N2/PPP1PPPP/RNBQKB1R w KQkq,  d4 Nf6   Nf3 Ne4
Duras Gambit,B00,rnbqkbnr/ppppp1pp/8/5p2/4P3/8/PPPP1PPP/RNBQKBNR w KQkq,  e4 f5
Dutch Defense,A80,rnbqkbnr/ppppp1pp/8/5p2/3P4/8/PPP1PPPP/RNBQKBNR w KQkq,  d4 f5
Dutch Defense: Alapin Variation,A80,rnbqkbnr/ppppp1pp/8/5p2/3P4/3Q4/PPP1PPPP/RNB1KBNR b KQkq,  d4 f5   Qd3
Dutch Defense: Bladel Variation,A84,rnbqkb1r/ppppp2p/6pn/5p2/2PP4/2N5/PP2PPPP/R1BQKBNR w KQkq,  d4 f5   c4 g6   Nc3 Nh6
Dutch Defense: Classical Variation,A84,rnbqkbnr/pppp2pp/4p3/5p2/2PP4/8/PP2PPPP/RNBQKBNR w KQkq,  d4 e6   c4 f5
Dutch Defense: Fianchetto Attack,A81,rnbqkbnr/ppppp1pp/8/5p2/3P4/6P1/PPP1PP1P/RNBQKBNR b KQkq,  d4 f5   g3
Dutch Defense: Fianchetto Variation,A86,rnbqkb1r/ppppp1pp/5n2/5p2/2PP4/6P1/PP2PP1P/RNBQKBNR b KQkq,  d4 f5   c4 Nf6   g3
Dutch Defense: Hevendehl Gambit,A80,rnbqkbnr/pppp2pp/8/4pp2/3P2P1/8/PPP1PP1P/RNBQKBNR w KQkq,  d4 f5   g4 e5
Dutch Defense: Hopton Attack,A80,rnbqkbnr/ppppp1pp/8/5pB1/3P4/8/PPP1PPPP/RN1QKBNR b KQkq,  d4 f5   Bg5
Dutch Defense: Janzen-Korchnoi Gambit,A80,rnbqkb1r/ppppp1pp/5n2/5p2/3P2P1/7P/PPP1PP2/RNBQKBNR b KQkq,  d4 f5   h3 Nf6   g4
Dutch Defense: Kingfisher Gambit,A80,rnbqkbnr/ppp1p1pp/8/3p1p2/3PP3/2N5/PPP2PPP/R1BQKBNR b KQkq,  d4 f5   Nc3 d5   e4
Dutch Defense: Korchnoi Attack,A80,rnbqkbnr/ppppp1pp/8/5p2/3P4/7P/PPP1PPP1/RNBQKBNR b KQkq,  d4 f5   h3
Dutch Defense: Krejcik Gambit,A80,rnbqkbnr/ppppp1pp/8/5p2/3P2P1/8/PPP1PP1P/RNBQKBNR b KQkq,  d4 f5   g4
Dutch Defense: Leningrad Variation,A86,rnbqkb1r/ppppp2p/5np1/5p2/2PP4/6P1/PP2PP1P/RNBQKBNR w KQkq,  d4 f5   c4 Nf6   g3 g6
"Dutch Defense: Manhattan Gambit, Anti-Classical Line",A80,rnbqkbnr/pppp2pp/4p3/5p2/3P2P1/3Q4/PPP1PP1P/RNB1KBNR b KQkq,  d4 f5   Qd3 e6   g4
"Dutch Defense: Manhattan Gambit, Anti-Leningrad",A80,rnbqkbnr/ppppp2p/6p1/5p2/3P2P1/3Q4/PPP1PP1P/RNB1KBNR b KQkq,  d4 f5   Qd3 g6   g4
"Dutch Defense: Manhattan Gambit, Anti-Modern",A80,rnbqkbnr/ppp1p1pp/3p4/5p2/3P2P1/3Q4/PPP1PP1P/RNB1KBNR b KQkq,  d4 f5   Qd3 d6   g4
"Dutch Defense: Manhattan Gambit, Anti-Stonewall",A80,rnbqkbnr/ppp1p1pp/8/3p1p2/3P2P1/3Q4/PPP1PP1P/RNB1KBNR b KQkq,  d4 f5   Qd3 d5   g4
Dutch Defense: Normal Variation,A84,rnbqkb1r/ppppp1pp/5n2/5p2/2PP4/8/PP2PPPP/RNBQKBNR w KQkq,  d4 f5   c4 Nf6
Dutch Defense: Omega-Isis Gambit,A80,rnbqkbnr/pppp2pp/8/4pp2/3P4/5N2/PPP1PPPP/RNBQKB1R w KQkq,  d4 f5   Nf3 e5
Dutch Defense: Queen's Knight Variation,A85,rnbqkb1r/ppppp1pp/5n2/5p2/2PP4/2N5/PP2PPPP/R1BQKBNR b KQkq,  d4 f5   c4 Nf6   Nc3
Dutch Defense: Raphael Variation,A80,rnbqkbnr/ppppp1pp/8/5p2/3P4/2N5/PPP1PPPP/R1BQKBNR b KQkq,  d4 f5   Nc3
Dutch Defense: Rubinstein Variation,A84,rnbqkbnr/pppp2pp/4p3/5p2/2PP4/2N5/PP2PPPP/R1BQKBNR b KQkq,  d4 e6   c4 f5   Nc3
Dutch Defense: Semi-Leningrad Variation,A81,rnbqkb1r/ppppp2p/5np1/5p2/3P4/6P1/PPP1PPBP/RNBQK1NR w KQkq,  d4 f5   g3 Nf6   Bg2 g6
Dutch Defense: Senechaud Gambit,A80,rnbqkbnr/pppp2pp/4p3/5p2/3P1BP1/8/PPP1PP1P/RN1QKBNR b KQkq,  d4 e6   Bf4 f5   g4
Dutch Defense: Spielmann Gambit,A80,rnbqkb1r/ppppp1pp/5n2/5p2/3P2P1/2N5/PPP1PP1P/R1BQKBNR b KQkq,  d4 f5   Nc3 Nf6   g4
Dutch Defense: Staunton Gambit,A82,rnbqkbnr/ppppp1pp/8/5p2/3PP3/8/PPP2PPP/RNBQKBNR b KQkq,  d4 f5   e4
Dutch Defense: Staunton Gambit Accepted,A82,rnbqkbnr/ppppp1pp/8/8/3Pp3/8/PPP2PPP/RNBQKBNR w KQkq,  d4 f5   e4 fxe4
"Dutch Defense: Staunton Gambit, American Attack",A82,rnbqkbnr/ppppp1pp/8/8/3Pp3/8/PPPN1PPP/R1BQKBNR b KQkq,  d4 f5   e4 fxe4   Nd2
East Indian Defense,A49,rnbqkb1r/pppppp1p/5np1/8/3P4/5N2/PPP1PPPP/RNBQKB1R w KQkq,  d4 Nf6   Nf3 g6
Elephant Gambit,C40,rnbqkbnr/ppp2ppp/8/3pp3/4P3/5N2/PPPP1PPP/RNBQKB1R w KQkq,  e4 e5   Nf3 d5
English Defense,A40,rnbqkbnr/p1pppppp/1p6/8/3P4/8/PPP1PPPP/RNBQKBNR w KQkq,  d4 b6
English Defense: Eastbourne Gambit,A40,rn1qkbnr/pbpp1ppp/1p6/4p3/2PP4/2N5/PP2PPPP/R1BQKBNR w KQkq,  d4 b6   c4 Bb7   Nc3 e5
English Opening,A10,rnbqkbnr/pppppppp/8/8/2P5/8/PP1PPPPP/RNBQKBNR b KQkq,  c4
English Opening: Achilles-Omega Gambit,A10,rnbqkb1r/pppppppp/5n2/8/2P1P3/8/PP1P1PPP/RNBQKBNR b KQkq,  e4 Nf6   c4
English Opening: Adorjan Defense,A10,rnbqkbnr/pppp1p1p/6p1/4p3/2P1P3/8/PP1P1PPP/RNBQKBNR w KQkq,  c4 g6   e4 e5
English Opening: Agincourt Defense,A13,rnbqkbnr/pppp1ppp/4p3/8/2P5/8/PP1PPPPP/RNBQKBNR w KQkq,  c4 e6
"English Opening: Agincourt Defense, Catalan Defense",A13,rnbqkbnr/pp3ppp/4p3/2pp4/2P5/5NP1/PP1PPP1P/RNBQKB1R w KQkq,  Nf3 d5   c4 e6   g3 c5
"English Opening: Agincourt Defense, Kurajica Defense",A13,rnbqkbnr/pp3ppp/2p1p3/3p4/2P5/5NP1/PP1PPP1P/RNBQKB1R w KQkq,  Nf3 d5   c4 e6   g3 c6
English Opening: Anglo-Dutch Defense,A10,rnbqkbnr/ppppp1pp/8/5p2/2P5/8/PP1PPPPP/RNBQKBNR w KQkq,  c4 f5
"English Opening: Anglo-Dutch Defense, Hickmann Gambit",A10,rnbqkbnr/ppppp1pp/8/5p2/2P1P3/8/PP1P1PPP/RNBQKBNR b KQkq,  c4 f5   e4
"English Opening: Anglo-Dutch Variation, Chabanon Gambit",A10,rnbqkbnr/ppp1p1pp/3p4/5p2/2P1P3/5N2/PP1P1PPP/RNBQKB1R b KQkq,  c4 f5   Nf3 d6   e4
"English Opening: Anglo-Dutch Variation, Ferenc Gambit",A10,rnbqkb1r/ppppp1pp/5n2/5p2/2P1P3/2N5/PP1P1PPP/R1BQKBNR b KQkq,  c4 f5   Nc3 Nf6   e4
English Opening: Anglo-Gruenfeld Defense,A16,rnbqkb1r/ppp1pppp/5n2/3p4/2P5/2N5/PP1PPPPP/R1BQKBNR w KQkq,  c4 Nf6   Nc3 d5
English Opening: Anglo-Indian Defense,A15,rnbqkb1r/pppppppp/5n2/8/2P5/8/PP1PPPPP/RNBQKBNR w KQkq,  c4 Nf6
"English Opening: Anglo-Indian Defense, Gruenfeld Formation",A15,rnbqkb1r/ppp1pp1p/5np1/3p4/2P5/5NP1/PP1PPP1P/RNBQKB1R w KQkq,  g3 d5   Nf3 g6   c4 Nf6
"English Opening: Anglo-Indian Defense, Hedgehog System",A17,rnbqkb1r/pppp1ppp/4pn2/8/2P5/2N5/PP1PPPPP/R1BQKBNR w KQkq,  c4 Nf6   Nc3 e6
"English Opening: Anglo-Indian Defense, King's Indian Formation",A15,rnbqkb1r/pppppp1p/5np1/8/2P5/5N2/PP1PPPPP/RNBQKB1R w KQkq,  Nf3 Nf6   c4 g6
"English Opening: Anglo-Indian Defense, King's Knight Variation",A15,rnbqkb1r/pppppppp/5n2/8/2P5/5N2/PP1PPPPP/RNBQKB1R b KQkq,  Nf3 Nf6   c4
"English Opening: Anglo-Indian Defense, Old Indian Formation",A15,rnbqkb1r/ppp1pppp/3p1n2/8/2P5/5N2/PP1PPPPP/RNBQKB1R w KQkq,  Nf3 Nf6   c4 d6
"English Opening: Anglo-Indian Defense, Queen's Indian Formation",A15,rnbqkb1r/p1pppppp/1p3n2/8/2P5/5N2/PP1PPPPP/RNBQKB1R w KQkq,  Nf3 Nf6   c4 b6
"English Opening: Anglo-Indian Defense, Queen's Knight Variation",A16,rnbqkb1r/pppppppp/5n2/8/2P5/2N5/PP1PPPPP/R1BQKBNR b KQkq,  c4 Nf6   Nc3
"English Opening: Anglo-Indian Defense, Romanishin Variation",A11,rnbqkb1r/1ppp1ppp/p3pn2/8/2P5/5NP1/PP1PPP1P/RNBQKB1R w KQkq,  Nf3 Nf6   c4 e6   g3 a6
"English Opening: Anglo-Indian Defense, Scandinavian Defense",A15,rnbqkb1r/ppp1pppp/5n2/3p4/2P5/5N2/PP1PPPPP/RNBQKB1R w KQkq,  Nf3 Nf6   c4 d5
"English Opening: Anglo-Indian Defense, Slav Formation",A15,rnbqkb1r/pp1ppp1p/2p2np1/8/2P5/5NP1/PP1PPP1P/RNBQKB1R w KQkq,  Nf3 Nf6   c4 g6   g3 c6
English Opening: Anglo-Lithuanian Variation,A10,r1bqkbnr/pppppppp/2n5/8/2P5/8/PP1PPPPP/RNBQKBNR w KQkq,  c4 Nc6
English Opening: Anglo-Scandinavian Defense,A10,rnbqkbnr/ppp1pppp/8/3p4/2P5/8/PP1PPPPP/RNBQKBNR w KQkq,  c4 d5
"English Opening: Anglo-Scandinavian Defense, Loehn Gambit",A10,rnbqkbnr/ppp2ppp/4p3/3P4/8/8/PP1PPPPP/RNBQKBNR w KQkq,  c4 d5   cxd5 e6
"English Opening: Anglo-Scandinavian Defense, Schulz Gambit",A10,rnbqkb1r/ppp1pppp/5n2/3P4/8/8/PP1PPPPP/RNBQKBNR w KQkq,  c4 d5   cxd5 Nf6
English Opening: Carls-Bremen System,A22,rnbqkb1r/pppp1ppp/5n2/4p3/2P5/2N3P1/PP1PPP1P/R1BQKBNR b KQkq,  c4 e5   Nc3 Nf6   g3
English Opening: Caro-Kann Defensive System,A11,rnbqkbnr/pp1ppppp/2p5/8/2P5/8/PP1PPPPP/RNBQKBNR w KQkq,  c4 c6
English Opening: Drill Variation,A20,rnbqkbnr/pppp1pp1/8/4p2p/2P5/6P1/PP1PPP1P/RNBQKBNR w KQkq,  c4 e5   g3 h5
English Opening: Great Snake Variation,A10,rnbqkbnr/pppppp1p/6p1/8/2P5/8/PP1PPPPP/RNBQKBNR w KQkq,  c4 g6
English Opening: Jaenisch Gambit,A10,rnbqkbnr/p1pppppp/8/1p6/2P5/8/PP1PPPPP/RNBQKBNR w KQkq,  c4 b5
English Opening: King's English Variation,A20,rnbqkbnr/pppp1ppp/8/4p3/2P5/8/PP1PPPPP/RNBQKBNR w KQkq,  c4 e5
"English Opening: King's English Variation, Keres Defense",A21,rnbqkbnr/pp3ppp/2pp4/4p3/2P5/2N3P1/PP1PPP1P/R1BQKBNR w KQkq,  c4 e5   Nc3 d6   g3 c6
"English Opening: King's English Variation, Kramnik-Shirov Counterattack",A21,rnbqk1nr/pppp1ppp/8/4p3/1bP5/2N5/PP1PPPPP/R1BQKBNR w KQkq,  c4 e5   Nc3 Bb4
"English Opening: King's English Variation, Nimzowitsch Variation",A20,rnbqkbnr/pppp1ppp/8/4p3/2P5/5N2/PP1PPPPP/RNBQKB1R b KQkq,  c4 e5   Nf3
"English Opening: King's English Variation, Nimzowitsch-Flohr Variation",A20,rnbqkbnr/pppp1ppp/8/8/2P1p3/5N2/PP1PPPPP/RNBQKB1R w KQkq,  c4 e5   Nf3 e4
"English Opening: King's English Variation, Reversed Closed Sicilian",A25,r1bqkbnr/pppp1ppp/2n5/4p3/2P5/2N5/PP1PPPPP/R1BQKBNR w KQkq,  c4 e5   Nc3 Nc6
"English Opening: King's English Variation, Reversed Sicilian",A21,rnbqkbnr/pppp1ppp/8/4p3/2P5/2N5/PP1PPPPP/R1BQKBNR b KQkq,  c4 e5   Nc3
"English Opening: King's English Variation, Three Knights System",A27,r1bqkbnr/pppp1ppp/2n5/4p3/2P5/2N2N2/PP1PPPPP/R1BQKB1R b KQkq,  c4 e5   Nc3 Nc6   Nf3
"English Opening: King's English Variation, Two Knights Variation",A22,rnbqkb1r/pppp1ppp/5n2/4p3/2P5/2N5/PP1PPPPP/R1BQKBNR w KQkq,  c4 e5   Nc3 Nf6
"English Opening: King's English Variation, Two Knights Variation, Fianchetto Line",A24,rnbqkb1r/pppp1p1p/5np1/4p3/2P5/2N3P1/PP1PPP1P/R1BQKBNR w KQkq,  c4 e5   Nc3 Nf6   g3 g6
"English Opening: King's English Variation, Two Knights Variation, Keres Variation",A23,rnbqkb1r/pp1p1ppp/2p2n2/4p3/2P5/2N3P1/PP1PPP1P/R1BQKBNR w KQkq,  c4 e5   Nc3 Nf6   g3 c6
"English Opening: King's English Variation, Two Knights Variation, Reversed Dragon",A22,rnbqkb1r/ppp2ppp/5n2/3pp3/2P5/2N3P1/PP1PPP1P/R1BQKBNR w KQkq,  c4 e5   Nc3 Nf6   g3 d5
"English Opening: King's English, Mazedonisch",A25,rnbqkb1r/pppp1ppp/5n2/4p3/2P2P2/2N5/PP1PP1PP/R1BQKBNR b KQkq,  c4 e5   Nc3 Nf6   f4
English Opening: Mikenas-Carls Variation,A18,rnbqkb1r/pppp1ppp/4pn2/8/2P1P3/2N5/PP1P1PPP/R1BQKBNR b KQkq,  c4 Nf6   Nc3 e6   e4
"English Opening: Mikenas-Carls, Sicilian",A19,rnbqkb1r/pp1p1ppp/4pn2/2p5/2P1P3/2N5/PP1P1PPP/R1BQKBNR w KQkq,  c4 Nf6   Nc3 e6   e4 c5
English Opening: Myers Variation,A10,rnbqk1nr/ppppppbp/8/6p1/2PP4/8/PP2PPPP/RNBQKBNR w KQkq,  c4 g5   d4 Bg7
English Opening: Neo-Catalan,A13,rnbqkb1r/ppp2ppp/4pn2/3p4/2P5/5NP1/PP1PPP1P/RNBQKB1R w KQkq,  Nf3 Nf6   c4 e6   g3 d5
English Opening: Symmetrical Variation,A30,rnbqkbnr/pp1ppppp/8/2p5/2P5/8/PP1PPPPP/RNBQKBNR w KQkq,  c4 c5
"English Opening: Symmetrical Variation, Anti-Benoni Variation",A31,rnbqkb1r/pp1ppppp/5n2/2p5/2PP4/5N2/PP2PPPP/RNBQKB1R b KQkq,  d4 Nf6   c4 c5   Nf3
"English Opening: Symmetrical Variation, Fianchetto Variation",A34,rnbqkb1r/pp1ppppp/5n2/2p5/2P5/2N3P1/PP1PPP1P/R1BQKBNR b KQkq,  c4 Nf6   Nc3 c5   g3
"English Opening: Symmetrical Variation, Napolitano Gambit",A30,rnbqkb1r/pp1ppppp/5n2/2p5/1PP5/5N2/P2PPPPP/RNBQKB1R b KQkq,  c4 c5   Nf3 Nf6   b4
"English Opening: Symmetrical Variation, Normal Variation",A34,rnbqkbnr/pp1ppppp/8/2p5/2P5/2N5/PP1PPPPP/R1BQKBNR b KQkq,  c4 c5   Nc3
"English Opening: Symmetrical Variation, Two Knights Variation",A35,r1bqkbnr/pp1ppppp/2n5/2p5/2P5/2N5/PP1PPPPP/R1BQKBNR w KQkq,  c4 c5   Nc3 Nc6
English Opening: The Whale,C20,rnbqkbnr/pppp1ppp/8/4p3/2P1P3/8/PP1P1PPP/RNBQKBNR b KQkq,  e4 e5   c4
English Opening: Wade Gambit,A10,rnbqkbnr/ppppp1pp/8/5p2/2P3P1/8/PP1PPP1P/RNBQKBNR b KQkq,  c4 f5   g4
English Opening: Wing Gambit,A30,rnbqkbnr/pp1ppppp/8/2p5/1PP5/8/P2PPPPP/RNBQKBNR b KQkq,  c4 c5   b4
English Opening: Zilbermints Gambit,A10,rnbqkbnr/pppp1p1p/8/4p1p1/2PP4/8/PP2PPPP/RNBQKBNR w KQkq,  c4 g5   d4 e5
English Orangutan,A15,rnbqkb1r/pppppppp/5n2/8/1PP5/8/P2PPPPP/RNBQKBNR b KQkq,  c4 Nf6   b4
Englund Gambit,A40,rnbqkbnr/pppp1ppp/8/4p3/3P4/8/PPP1PPPP/RNBQKBNR w KQkq,  d4 e5
Englund Gambit Complex Declined,A40,rnbqkbnr/pppp1ppp/8/3Pp3/8/8/PPP1PPPP/RNBQKBNR b KQkq,  d4 e5   d5
"Englund Gambit Complex Declined, Diemer Counterattack",A40,rnb1k1nr/pppp1ppp/8/2bPp3/4P2q/8/PPP2PPP/RNBQKBNR w KQkq,  d4 e5   d5 Bc5   e4 Qh4
Englund Gambit Complex: Hartlaub-Charlick Gambit,A40,rnbqkbnr/ppp2ppp/3p4/4P3/8/8/PPP1PPPP/RNBQKBNR w KQkq,  d4 e5   dxe5 d6
Englund Gambit Complex: Mosquito Gambit,A40,rnb1kbnr/pppp1ppp/8/4P3/7q/8/PPP1PPPP/RNBQKBNR w KQkq,  d4 e5   dxe5 Qh4
Englund Gambit Complex: Soller Gambit,A40,rnbqkbnr/pppp2pp/5p2/4P3/8/8/PPP1PPPP/RNBQKBNR w KQkq,  d4 e5   dxe5 f6
"Englund Gambit Declined, Reversed Alekhine",A40,rnbqkbnr/pppp1ppp/8/4p3/3P4/5N2/PPP1PPPP/RNBQKB1R b KQkq,  d4 e5   Nf3
"Englund Gambit Declined, Reversed Brooklyn",A40,rnbqkbnr/pppp1ppp/8/8/3Pp3/8/PPP1PPPP/RNBQKBNR b KQkq,  d4 e5   Nf3 e4   Ng1
"Englund Gambit Declined, Reversed French",A40,rnbqkbnr/pppp1ppp/8/4p3/3P4/4P3/PPP2PPP/RNBQKBNR b KQkq,  e3 e5   d4
"Englund Gambit Declined, Reversed Krebs",A40,rnbqkbnr/pppp1ppp/8/8/3Pp3/5N2/PPP1PPPP/RNBQKB1R w KQkq,  d4 e5   Nf3 e4
"Englund Gambit Declined, Reversed Mokele Mbembe",A40,rnbqkbnr/pppp1ppp/8/4N3/3Pp3/8/PPP1PPPP/RNBQKB1R b KQkq,  d4 e5   Nf3 e4   Ne5
Franco-Benoni Defense,A43,rnbqkbnr/pp1p1ppp/4p3/2pP4/4P3/8/PPP2PPP/RNBQKBNR b KQkq,  e4 e6   d4 c5   d5
French Defense,C00,rnbqkbnr/pppp1ppp/4p3/8/4P3/8/PPPP1PPP/RNBQKBNR w KQkq,  e4 e6
French Defense: Advance Variation,C02,rnbqkbnr/ppp2ppp/4p3/3pP3/3P4/8/PPP2PPP/RNBQKBNR b KQkq,  e4 e6   d4 d5   e5
"French Defense: Advance Variation, Extended Bishop Swap",C02,rn1qkbnr/pppb1ppp/4p3/3pP3/3P4/8/PPP2PPP/RNBQKBNR w KQkq,  e4 e6   d4 d5   e5 Bd7
French Defense: Alapin Gambit,C00,rnbqkbnr/ppp2ppp/4p3/3p4/3PP3/4B3/PPP2PPP/RN1QKBNR b KQkq,  e4 e6   d4 d5   Be3
French Defense: Baeuerle Gambit,C01,rnbqkbnr/p1pp1ppp/4p3/1p6/3PP3/8/PPP2PPP/RNBQKBNR w KQkq,  e4 e6   d4 b5
French Defense: Banzai-Leong Gambit,C00,rnbqkbnr/pppp1ppp/4p3/8/1P2P3/8/P1PP1PPP/RNBQKBNR b KQkq,  e4 e6   b4
"French Defense: Banzai-Leong Gambit, Pinova Gambit",C00,rnbqk1nr/pppp1ppp/4p3/4P3/1b6/8/P1PP1PPP/RNBQKBNR b KQkq,  e4 e6   b4 Bxb4   e5
French Defense: Bird Invitation,C00,rnbqkbnr/pppp1ppp/4p3/1B6/4P3/8/PPPP1PPP/RNBQK1NR b KQkq,  e4 e6   Bb5
French Defense: Chigorin Variation,C00,rnbqkbnr/pppp1ppp/4p3/8/4P3/8/PPPPQPPP/RNB1KBNR b KQkq,  e4 e6   Qe2
French Defense: Classical Variation,C11,rnbqkb1r/ppp2ppp/4pn2/3p4/3PP3/2N5/PPP2PPP/R1BQKBNR w KQkq,  e4 e6   d4 d5   Nc3 Nf6
French Defense: Diemer-Duhm Gambit,C00,rnbqkbnr/ppp2ppp/4p3/8/2PPp3/8/PP3PPP/RNBQKBNR w KQkq,  d4 d5   c4 e6   e4 dxe4
French Defense: Exchange Variation,C01,rnbqkbnr/ppp2ppp/4p3/3P4/3P4/8/PPP2PPP/RNBQKBNR b KQkq,  e4 e6   d4 d5   exd5
French Defense: Franco-Hiva Gambit,C00,rnbqkbnr/pppp2pp/4p3/5p2/4P3/3P4/PPP2PPP/RNBQKBNR w KQkq,  e4 e6   d3 f5
French Defense: Horwitz Attack,C00,rnbqkbnr/pppp1ppp/4p3/8/4P3/1P6/P1PP1PPP/RNBQKBNR b KQkq,  e4 e6   b3
"French Defense: Horwitz Attack, Papa-Ticulat Gambit",C00,rnbqkbnr/ppp2ppp/4p3/3p4/4P3/1P6/PBPP1PPP/RN1QKBNR b KQkq,  e4 e6   b3 d5   Bb2
French Defense: King's Indian Attack,C00,rnbqkbnr/pppp1ppp/4p3/8/4P3/3P4/PPP2PPP/RNBQKBNR b KQkq,  e4 e6   d3
French Defense: Knight Variation,C00,rnbqkbnr/pppp1ppp/4p3/8/4P3/5N2/PPPP1PPP/RNBQKB1R b KQkq,  e4 e6   Nf3
French Defense: La Bourdonnais Variation,C00,rnbqkbnr/pppp1ppp/4p3/8/4PP2/8/PPPP2PP/RNBQKBNR b KQkq,  e4 e6   f4
French Defense: Mediterranean Defense,C01,rnbqkb1r/pppp1ppp/4pn2/8/3PP3/8/PPP2PPP/RNBQKBNR w KQkq,  e4 e6   d4 Nf6
French Defense: Morphy Gambit,C01,rnbqkbnr/ppp2ppp/4p3/3p4/3PP3/7N/PPP2PPP/RNBQKB1R b KQkq,  e4 e6   d4 d5   Nh3
French Defense: Normal Variation,C00,rnbqkbnr/pppp1ppp/4p3/8/3PP3/8/PPP2PPP/RNBQKBNR b KQkq,  e4 e6   d4
French Defense: Paulsen Variation,C10,rnbqkbnr/ppp2ppp/4p3/3p4/3PP3/2N5/PPP2PPP/R1BQKBNR b KQkq,  e4 e6   d4 d5   Nc3
French Defense: Pelikan Variation,C00,rnbqkbnr/ppp2ppp/4p3/3p4/4PP2/2N5/PPPP2PP/R1BQKBNR b KQkq,  e4 e6   Nc3 d5   f4
French Defense: Perseus Gambit,C01,rnbqkbnr/ppp2ppp/4p3/3p4/3PP3/5N2/PPP2PPP/RNBQKB1R b KQkq,  e4 e6   d4 d5   Nf3
French Defense: Queen's Knight,C00,rnbqkbnr/pppp1ppp/4p3/8/4P3/2N5/PPPP1PPP/R1BQKBNR b KQkq,  e4 e6   Nc3
French Defense: Reti-Spielmann Attack,C00,rnbqkbnr/pppp1ppp/4p3/8/4P3/6P1/PPPP1P1P/RNBQKBNR b KQkq,  e4 e6   g3
French Defense: Schlechter Variation,C00,rnbqkbnr/ppp2ppp/4p3/3p4/3PP3/3B4/PPP2PPP/RNBQK1NR b KQkq,  e4 e6   d4 d5   Bd3
French Defense: Steiner Variation,C00,rnbqkbnr/pppp1ppp/4p3/8/2P1P3/8/PP1P1PPP/RNBQKBNR b KQkq,  e4 e6   c4
French Defense: Steinitz Attack,C00,rnbqkbnr/pppp1ppp/4p3/4P3/8/8/PPPP1PPP/RNBQKBNR b KQkq,  e4 e6   e5
French Defense: Tarrasch Variation,C03,rnbqkbnr/ppp2ppp/4p3/3p4/3PP3/8/PPPN1PPP/R1BQKBNR b KQkq,  e4 e6   d4 d5   Nd2
"French Defense: Tarrasch Variation, Closed Variation",C05,rnbqkb1r/ppp2ppp/4pn2/3p4/3PP3/8/PPPN1PPP/R1BQKBNR w KQkq,  e4 e6   d4 d5   Nd2 Nf6
"French Defense: Tarrasch Variation, Guimard Defense",C03,r1bqkbnr/ppp2ppp/2n1p3/3p4/3PP3/8/PPPN1PPP/R1BQKBNR w KQkq,  e4 e6   d4 d5   Nd2 Nc6
"French Defense: Tarrasch Variation, Haberditz Variation",C03,rnbqkbnr/ppp3pp/4p3/3p1p2/3PP3/8/PPPN1PPP/R1BQKBNR w KQkq,  e4 e6   d4 d5   Nd2 f5
"French Defense: Tarrasch Variation, Modern System",C03,rnbqkbnr/1pp2ppp/p3p3/3p4/3PP3/8/PPPN1PPP/R1BQKBNR w KQkq,  e4 e6   d4 d5   Nd2 a6
"French Defense: Tarrasch Variation, Morozevich Variation",C03,rnbqk1nr/ppp1bppp/4p3/3p4/3PP3/8/PPPN1PPP/R1BQKBNR w KQkq,  e4 e6   d4 d5   Nd2 Be7
"French Defense: Tarrasch Variation, Open System",C07,rnbqkbnr/pp3ppp/4p3/2pp4/3PP3/8/PPPN1PPP/R1BQKBNR w KQkq,  e4 e6   d4 d5   Nd2 c5
French Defense: Two Knights Variation,C00,rnbqkbnr/ppp2ppp/4p3/3p4/4P3/2N2N2/PPPP1PPP/R1BQKB1R b KQkq,  e4 e6   Nf3 d5   Nc3
French Defense: Winawer Variation,C15,rnbqk1nr/ppp2ppp/4p3/3p4/1b1PP3/2N5/PPP2PPP/R1BQKBNR w KQkq,  e4 e6   d4 d5   Nc3 Bb4
Fried Fox Defense,B00,rnbq1bnr/pppppkpp/5p2/8/3PP3/8/PPP2PPP/RNBQKBNR w KQ,  e4 f6   d4 Kf7
Gedult's Opening,A00,rnbqkbnr/pppppppp/8/8/8/5P2/PPPPP1PP/RNBQKBNR b KQkq,  f3
Global Opening,A00,rnbqkbnr/pppp1ppp/8/4p3/8/P6P/1PPPPPP1/RNBQKBNR b KQkq,  h3 e5   a3
Goldsmith Defense,B00,rnbqkbnr/ppppppp1/8/7p/4P3/8/PPPP1PPP/RNBQKBNR w KQkq,  e4 h5
Goldsmith Defense: Picklepuss Defense,B00,rnbqkb1r/ppppppp1/5n2/7p/3PP3/8/PPP2PPP/RNBQKBNR w KQkq,  e4 h5   d4 Nf6
Grob Opening,A00,rnbqkbnr/pppppppp/8/8/6P1/8/PPPPPP1P/RNBQKBNR b KQkq,  g4
Grob Opening: Alessi Gambit,A00,rnbqkbnr/ppppp1pp/8/5p2/6P1/8/PPPPPP1P/RNBQKBNR w KQkq,  g4 f5
Grob Opening: Double Grob,A00,rnbqkbnr/pppppp1p/8/6p1/6P1/8/PPPPPP1P/RNBQKBNR w KQkq,  g4 g5
"Grob Opening: Double Grob, Coca-Cola Gambit",A00,rnbqkbnr/pppppp1p/8/6p1/5PP1/8/PPPPP2P/RNBQKBNR b KQkq,  g4 g5   f4
Grob Opening: Grob Gambit,A00,rnbqkbnr/ppp1pppp/8/3p4/6P1/8/PPPPPPBP/RNBQK1NR b KQkq,  g4 d5   Bg2
Grob Opening: Grob Gambit Declined,A00,rnbqkbnr/pp2pppp/2p5/3p4/6P1/8/PPPPPPBP/RNBQK1NR w KQkq,  g4 d5   Bg2 c6
"Grob Opening: Grob Gambit, Basman Gambit",A00,rnbqkbnr/ppp1ppp1/8/3p3P/8/8/PPPPPPBP/RNBQK1NR b KQkq,  g4 d5   Bg2 h5   gxh5
"Grob Opening: Grob Gambit, Fritz Gambit",A00,rn1qkbnr/ppp1pppp/8/3p4/2P3b1/8/PP1PPPBP/RNBQK1NR b KQkq,  g4 d5   Bg2 Bxg4   c4
Grob Opening: Keene Defense,A00,rnbqkbnr/pp3ppp/2p5/3pp3/6P1/7P/PPPPPPB1/RNBQK1NR w KQkq,  g4 d5   h3 e5   Bg2 c6
Grob Opening: London Defense,A00,r1bqkbnr/pppp1ppp/2n5/4p3/6P1/7P/PPPPPP2/RNBQKBNR w KQkq,  g4 e5   h3 Nc6
Grob Opening: Spike Attack,A00,rnbqkbnr/pp2pppp/2p5/3p2P1/8/8/PPPPPPBP/RNBQK1NR b KQkq,  g4 d5   Bg2 c6   g5
"Grob Opening: Spike, Hurst Attack",A00,rnbqkbnr/ppp2ppp/8/3pp3/2P3P1/8/PP1PPPBP/RNBQK1NR b KQkq,  g4 e5   Bg2 d5   c4
Grob Opening: Zilbermints Gambit,A00,rnbqkbnr/ppp1pppp/8/8/4p1P1/2N5/PPPP1P1P/R1BQKBNR b KQkq,  g4 d5   e4 dxe4   Nc3
Gruenfeld Defense,D80,rnbqkb1r/ppp1pp1p/5np1/3p4/2PP4/2N5/PP2PPPP/R1BQKBNR w KQkq,  d4 Nf6   c4 g6   Nc3 d5
Guatemala Defense,B00,rn1qkbnr/p1pppppp/bp6/8/3PP3/8/PPP2PPP/RNBQKBNR w KQkq,  e4 b6   d4 Ba6
Gunderam Defense,C40,rnb1kbnr/ppppqppp/8/4p3/4P3/5N2/PPPP1PPP/RNBQKB1R w KQkq,  e4 e5   Nf3 Qe7
Hippopotamus Defense,B00,rnbqkb1r/pppppppp/7n/8/4P3/8/PPPP1PPP/RNBQKBNR w KQkq,  e4 Nh6
Horwitz Defense,A40,rnbqkbnr/pppp1ppp/4p3/8/3P4/8/PPP1PPPP/RNBQKBNR w KQkq,  d4 e6
"Horwitz Defense: Dutch Defense, Bellon Gambit",A84,rnbqkbnr/pppp2pp/4p3/5p2/2PPP3/8/PP3PPP/RNBQKBNR b KQkq,  d4 e6   c4 f5   e4
Horwitz Defense: Zilbermints Gambit,A40,rnbqkbnr/pppp1ppp/8/4p3/2PP4/8/PP2PPPP/RNBQKBNR w KQkq,  c4 e6   d4 e5
Hungarian Opening,A00,rnbqkbnr/pppppppp/8/8/8/6P1/PPPPPP1P/RNBQKBNR b KQkq,  g3
Hungarian Opening: Buecker Gambit,A00,rnbqkbnr/ppp2ppp/8/3pp3/1P6/6P1/P1PPPPBP/RNBQK1NR b KQkq,  g3 d5   Bg2 e5   b4
Hungarian Opening: Catalan Formation,A00,rnbqkbnr/ppp2ppp/4p3/3p4/8/6P1/PPPPPPBP/RNBQK1NR w KQkq,  g3 d5   Bg2 e6
Hungarian Opening: Dutch Defense,A00,rnbqkbnr/ppppp1pp/8/5p2/8/6P1/PPPPPP1P/RNBQKBNR w KQkq,  g3 f5
Hungarian Opening: Indian Defense,A00,rnbqkb1r/pppppppp/5n2/8/8/6P1/PPPPPP1P/RNBQKBNR w KQkq,  g3 Nf6
Hungarian Opening: Myers Defense,A00,rnbqkbnr/pppppp1p/8/6p1/8/6P1/PPPPPP1P/RNBQKBNR w KQkq,  g3 g5
Hungarian Opening: Reversed Alekhine,A00,rnbqkbnr/pppp1ppp/8/4p3/8/5NP1/PPPPPP1P/RNBQKB1R b KQkq,  g3 e5   Nf3
Hungarian Opening: Reversed Modern Defense,A00,rnbqkbnr/pp2pppp/8/2pp4/8/6P1/PPPPPPBP/RNBQK1NR w KQkq,  g3 d5   Bg2 c5
Hungarian Opening: Reversed Norwegian Defense,A00,rnbqkbnr/pppp1ppp/8/8/4p2N/6P1/PPPPPP1P/RNBQKB1R b KQkq,  g3 e5   Nf3 e4   Nh4
Hungarian Opening: Sicilian Invitation,A00,rnbqkbnr/pp1ppppp/8/2p5/8/6P1/PPPPPP1P/RNBQKBNR w KQkq,  g3 c5
Hungarian Opening: Slav Formation,A00,rnbqkbnr/pp2pppp/2p5/3p4/8/6P1/PPPPPPBP/RNBQK1NR w KQkq,  g3 d5   Bg2 c6
Hungarian Opening: Symmetrical Variation,A00,rnbqkbnr/pppppp1p/6p1/8/8/6P1/PPPPPP1P/RNBQKBNR w KQkq,  g3 g6
Hungarian Opening: Van Kuijk Gambit,A00,rnbqkbnr/ppppppp1/8/8/7p/5NP1/PPPPPP1P/RNBQKB1R w KQkq,  g3 h5   Nf3 h4
Hungarian Opening: Wiedenhagen-Beta Gambit,A00,rnbqkbnr/ppp1pp1p/8/3p2p1/8/5NP1/PPPPPP1P/RNBQKB1R w KQkq,  g3 d5   Nf3 g5
Indian Game,A45,rnbqkb1r/pppppppp/5n2/8/3P4/8/PPP1PPPP/RNBQKBNR w KQkq,  d4 Nf6
"Indian Game: Anti-Gruenfeld, Adorjan Gambit",E60,rnbqkb1r/p1pppp1p/5np1/1p1P4/2P5/8/PP2PPPP/RNBQKBNR w KQkq,  d4 Nf6   c4 g6   d5 b5
"Indian Game: Anti-Gruenfeld, Advance Variation",E60,rnbqkb1r/pppppp1p/5np1/3P4/2P5/8/PP2PPPP/RNBQKBNR b KQkq,  d4 Nf6   c4 g6   d5
"Indian Game: Anti-Gruenfeld, Alekhine Variation",D70,rnbqkb1r/pppppp1p/5np1/8/2PP4/5P2/PP2P1PP/RNBQKBNR b KQkq,  d4 Nf6   c4 g6   f3
"Indian Game: Anti-Gruenfeld, Alekhine Variation, Leko Gambit",D70,rnbqkb1r/pppp1p1p/5np1/4p3/2PP4/5P2/PP2P1PP/RNBQKBNR w KQkq,  d4 Nf6   c4 g6   f3 e5
Indian Game: Anti-Nimzo-Indian,E10,rnbqkb1r/pppp1ppp/4pn2/8/2PP4/5N2/PP2PPPP/RNBQKB1R b KQkq,  d4 Nf6   c4 e6   Nf3
Indian Game: Budapest Defense,A51,rnbqkb1r/pppp1ppp/5n2/4p3/2PP4/8/PP2PPPP/RNBQKBNR w KQkq,  d4 Nf6   c4 e5
Indian Game: Czech-Indian,A46,rnbqkb1r/pp1ppppp/2p2n2/8/3P4/5N2/PPP1PPPP/RNBQKB1R w KQkq,  d4 Nf6   Nf3 c6
Indian Game: Devin Gambit,E00,rnbqkb1r/pppp1ppp/4pn2/8/2PP2P1/8/PP2PP1P/RNBQKBNR b KQkq,  d4 Nf6   c4 e6   g4
Indian Game: Dzindzi-Indian Defense,E10,rnbqkb1r/1ppp1ppp/p3pn2/8/2PP4/5N2/PP2PPPP/RNBQKB1R w KQkq,  d4 Nf6   c4 e6   Nf3 a6
Indian Game: East Indian Defense,E00,rnbqkb1r/pppp1ppp/4pn2/8/2PP4/8/PP2PPPP/RNBQKBNR w KQkq,  d4 Nf6   c4 e6
"Indian Game: Gedult Attack, Gedult Attack",A45,rnbqkb1r/ppp1pppp/5n2/3p4/3P2P1/5P2/PPP1P2P/RNBQKBNR b KQkq,  d4 Nf6   f3 d5   g4
Indian Game: Gibbins-Wiedenhagen Gambit Accepted,A45,rnbqkb1r/pppppppp/8/8/3P2n1/8/PPP1PP1P/RNBQKBNR w KQkq,  d4 Nf6   g4 Nxg4
"Indian Game: Gibbins-Wiedenhagen Gambit, Oshima Defense",A45,rnbqkb1r/pppp1ppp/5n2/4p3/3P2P1/8/PPP1PP1P/RNBQKBNR w KQkq,  d4 Nf6   g4 e5
"Indian Game: Knights Variation, Alburt-Miles Variation",A46,rnbqkb1r/1ppppppp/p4n2/8/3P4/5N2/PPP1PPPP/RNBQKB1R w KQkq,  d4 Nf6   Nf3 a6
Indian Game: Lazard Gambit,A45,rnbqkb1r/pppp1ppp/5n2/4p3/3P4/8/PPPNPPPP/R1BQKBNR w KQkq,  d4 Nf6   Nd2 e5
Indian Game: London System,A46,rnbqkb1r/pppp1ppp/4pn2/8/3P1B2/5N2/PPP1PPPP/RN1QKB1R b KQkq,  d4 Nf6   Nf3 e6   Bf4
Indian Game: Maddigan Gambit,A45,rnbqkb1r/pppp1ppp/5n2/4p3/3P4/2N5/PPP1PPPP/R1BQKBNR w KQkq,  d4 Nf6   Nc3 e5
Indian Game: Medusa Gambit,A50,rnbqkb1r/pppppp1p/5n2/6p1/2PP4/8/PP2PPPP/RNBQKBNR w KQkq,  d4 Nf6   c4 g5
Indian Game: Normal Variation,A50,rnbqkb1r/pppppppp/5n2/8/2PP4/8/PP2PPPP/RNBQKBNR b KQkq,  d4 Nf6   c4
Indian Game: Omega Gambit,A45,rnbqkb1r/pppppppp/5n2/8/3PP3/8/PPP2PPP/RNBQKBNR b KQkq,  d4 Nf6   e4
"Indian Game: Paleface Attack, Blackmar-Diemer Gambit Deferred",A45,rnbqkb1r/ppp1pppp/5n2/3p4/3PP3/5P2/PPP3PP/RNBQKBNR b KQkq,  d4 Nf6   f3 d5   e4
Indian Game: Pawn Push Variation,A45,rnbqkb1r/pppppppp/5n2/3P4/8/8/PPP1PPPP/RNBQKBNR b KQkq,  d4 Nf6   d5
Indian Game: Polish Variation,A46,rnbqkb1r/p1pppppp/5n2/1p6/3P4/5N2/PPP1PPPP/RNBQKB1R w KQkq,  d4 Nf6   Nf3 b5
Indian Game: Przepiorka Variation,A49,rnbqkb1r/pppppp1p/5np1/8/3P4/5NP1/PPP1PP1P/RNBQKB1R b KQkq,  d4 Nf6   Nf3 g6   g3
Indian Game: Pseudo-Benko,A46,rnbqkb1r/p2ppppp/5n2/1ppP4/8/5N2/PPP1PPPP/RNBQKB1R w KQkq,  d4 Nf6   Nf3 c5   d5 b5
Indian Game: Pyrenees Gambit,A50,rnbqkb1r/p1pppppp/5n2/1p6/2PP4/8/PP2PPPP/RNBQKBNR w KQkq,  d4 Nf6   c4 b5
Indian Game: Reversed Chigorin Defense,A45,rnbqkb1r/pp1ppppp/5n2/2p5/3P4/2N5/PPP1PPPP/R1BQKBNR w KQkq,  d4 Nf6   Nc3 c5
Indian Game: Schnepper Gambit,A47,rnbqkb1r/p1pp1ppp/1p3n2/4p3/3P4/2P2N2/PP2PPPP/RNBQKB1R w KQkq,  d4 Nf6   Nf3 b6   c3 e5
Indian Game: Seirawan Attack,E00,rnbqkb1r/pppp1ppp/4pn2/6B1/2PP4/8/PP2PPPP/RN1QKBNR b KQkq,  d4 Nf6   c4 e6   Bg5
Indian Game: Spielmann-Indian,A46,rnbqkb1r/pp1ppppp/5n2/2p5/3P4/5N2/PPP1PPPP/RNBQKB1R w KQkq,  d4 Nf6   Nf3 c5
Indian Game: Tartakower Attack,A45,rnbqkb1r/pppppppp/5n2/8/3P4/6P1/PPP1PP1P/RNBQKBNR b KQkq,  d4 Nf6   g3
Indian Game: Wade-Tartakower Defense,A46,rnbqkb1r/ppp1pppp/3p1n2/8/3P4/5N2/PPP1PPPP/RNBQKB1R w KQkq,  d4 Nf6   Nf3 d6
Indian Game: West Indian Defense,E61,rnbqkb1r/pppppp1p/5np1/8/2PP4/8/PP2PPPP/RNBQKBNR w KQkq,  d4 Nf6   c4 g6
Irish Gambit,C44,r1bqkbnr/pppp1ppp/2n5/4N3/4P3/8/PPPP1PPP/RNBQKB1R b KQkq,  e4 e5   Nf3 Nc6   Nxe5
Italian Game,C50,r1bqkbnr/pppp1ppp/2n5/4p3/2B1P3/5N2/PPPP1PPP/RNBQK2R b KQkq,  e4 e5   Nf3 Nc6   Bc4
Kadas Opening,A00,rnbqkbnr/pppppppp/8/8/7P/8/PPPPPPP1/RNBQKBNR b KQkq,  h4
Kadas Opening: Beginner's Trap,A00,rnbqkbnr/ppp1pppp/8/3p4/7P/7R/PPPPPPP1/RNBQKBN1 b Qkq,  h4 d5   Rh3
Kadas Opening: Kadas Gambit,A00,rnbqkbnr/pp1ppppp/8/2p5/1P5P/8/P1PPPPP1/RNBQKBNR b KQkq,  h4 c5   b4
Kadas Opening: Myers Variation,A00,rnbqkbnr/pp2pppp/8/2pp4/3PP2P/8/PPP2PP1/RNBQKBNR b KQkq,  h4 d5   d4 c5   e4
Kadas Opening: Schneider Gambit,A00,rnbqkbnr/pppppp1p/8/6p1/7P/8/PPPPPPP1/RNBQKBNR w KQkq,  h4 g5
Kadas Opening: Steinbok Gambit,A00,rnbqkbnr/ppppp1pp/8/8/4p2P/3P4/PPP2PP1/RNBQKBNR b KQkq,  h4 f5   e4 fxe4   d3
Kangaroo Defense,E00,rnbqk1nr/pppp1ppp/4p3/8/1bPP4/8/PP2PPPP/RNBQKBNR w KQkq,  d4 e6   c4 Bb4+
"Kangaroo Defense: Keres Defense, Transpositional Variation",E00,rnbqk1nr/pppp1ppp/4p3/8/1bPP4/2N5/PP2PPPP/R1BQKBNR b KQkq,  d4 e6   c4 Bb4+   Nc3
King's Gambit,C30,rnbqkbnr/pppp1ppp/8/4p3/4PP2/8/PPPP2PP/RNBQKBNR b KQkq,  e4 e5   f4
King's Gambit Accepted,C33,rnbqkbnr/pppp1ppp/8/8/4Pp2/8/PPPP2PP/RNBQKBNR w KQkq,  e4 e5   f4 exf4
"King's Gambit Accepted, Basman Gambit",C33,rnbqkbnr/pppp1ppp/8/8/4Pp2/8/PPPPQ1PP/RNB1KBNR b KQkq,  e4 e5   f4 exf4   Qe2
"King's Gambit Accepted, Bishop's Gambit",C33,rnbqkbnr/pppp1ppp/8/8/2B1Pp2/8/PPPP2PP/RNBQK1NR b KQkq,  e4 e5   f4 exf4   Bc4
"King's Gambit Accepted, Breyer Gambit",C33,rnbqkbnr/pppp1ppp/8/8/4Pp2/5Q2/PPPP2PP/RNB1KBNR b KQkq,  e4 e5   f4 exf4   Qf3
"King's Gambit Accepted, Carrera Gambit",C33,rnbqkbnr/pppp1ppp/8/7Q/4Pp2/8/PPPP2PP/RNB1KBNR b KQkq,  e4 e5   f4 exf4   Qh5
"King's Gambit Accepted, Dodo Variation",C30,rnbqkbnr/pppp1ppp/8/8/4PpQ1/8/PPPP2PP/RNB1KBNR b KQkq,  e4 e5   f4 exf4   Qg4
"King's Gambit Accepted, Eisenberg Variation",C30,rnbqkbnr/pppp1ppp/8/8/4Pp2/7N/PPPP2PP/RNBQKB1R b KQkq,  e4 e5   f4 exf4   Nh3
"King's Gambit Accepted, Gaga Gambit",C33,rnbqkbnr/pppp1ppp/8/8/4Pp2/6P1/PPPP3P/RNBQKBNR b KQkq,  e4 e5   f4 exf4   g3
"King's Gambit Accepted, King's Knight Gambit",C34,rnbqkbnr/pppp1ppp/8/8/4Pp2/5N2/PPPP2PP/RNBQKB1R b KQkq,  e4 e5   f4 exf4   Nf3
"King's Gambit Accepted, Orsini Gambit",C33,rnbqkbnr/pppp1ppp/8/8/4Pp2/1P6/P1PP2PP/RNBQKBNR b KQkq,  e4 e5   f4 exf4   b3
"King's Gambit Accepted, Paris Gambit",C33,rnbqkbnr/pppp1ppp/8/8/4Pp2/8/PPPPN1PP/RNBQKB1R b KQkq,  e4 e5   f4 exf4   Ne2
"King's Gambit Accepted, Polerio Gambit",C33,rnbqkbnr/pppp1ppp/8/8/3PPp2/8/PPP3PP/RNBQKBNR b KQkq,  e4 e5   f4 exf4   d4
"King's Gambit Accepted, Schurig Gambit",C33,rnbqkbnr/pppp1ppp/8/1B6/4Pp2/8/PPPP2PP/RNBQK1NR b KQkq,  e4 e5   f4 exf4   Bb5
"King's Gambit Accepted, Stamma Gambit",C33,rnbqkbnr/pppp1ppp/8/8/4Pp1P/8/PPPP2P1/RNBQKBNR b KQkq,  e4 e5   f4 exf4   h4
"King's Gambit Accepted, Tartakower Gambit",C33,rnbqkbnr/pppp1ppp/8/8/4Pp2/8/PPPPB1PP/RNBQK1NR b KQkq,  e4 e5   f4 exf4   Be2
"King's Gambit Accepted, Tumbleweed",C33,rnbqkbnr/pppp1ppp/8/8/4Pp2/8/PPPP1KPP/RNBQ1BNR b kq,  e4 e5   f4 exf4   Kf2
King's Gambit Accepted: Schurig Gambit,C33,rnbqkbnr/pppp1ppp/8/8/4Pp2/3B4/PPPP2PP/RNBQK1NR b KQkq,  e4 e5   f4 exf4   Bd3
"King's Gambit Declined, Classical Variation",C30,rnbqk1nr/pppp1ppp/8/2b1p3/4PP2/8/PPPP2PP/RNBQKBNR w KQkq,  e4 e5   f4 Bc5
"King's Gambit Declined, Mafia Defense",C30,rnbqkbnr/pp1p1ppp/8/2p1p3/4PP2/8/PPPP2PP/RNBQKBNR w KQkq,  e4 c5   f4 e5
"King's Gambit Declined, Miles Defense",C30,r1bqkbnr/pppp2pp/2n5/4pp2/4PP2/5N2/PPPP2PP/RNBQKB1R w KQkq,  e4 e5   f4 Nc6   Nf3 f5
"King's Gambit Declined, Norwalde Variation",C30,rnb1kbnr/pppp1ppp/5q2/4p3/4PP2/8/PPPP2PP/RNBQKBNR w KQkq,  e4 e5   f4 Qf6
"King's Gambit Declined, Petrov's Defense",C30,rnbqkb1r/pppp1ppp/5n2/4p3/4PP2/8/PPPP2PP/RNBQKBNR w KQkq,  e4 e5   f4 Nf6
"King's Gambit Declined, Queen's Knight Defense",C30,r1bqkbnr/pppp1ppp/2n5/4p3/4PP2/8/PPPP2PP/RNBQKBNR w KQkq,  e4 e5   f4 Nc6
"King's Gambit Declined, Senechaud Countergambit",C30,rnbqk1nr/pppp1p1p/8/2b1p1p1/4PP2/5N2/PPPP2PP/RNBQKB1R w KQkq,  e4 e5   f4 Bc5   Nf3 g5
"King's Gambit Declined, Zilbermints Double Gambit",C30,r1bqkbnr/pppp1p1p/2n5/4p1p1/4PP2/5N2/PPPP2PP/RNBQKB1R w KQkq,  e4 e5   f4 Nc6   Nf3 g5
King's Gambit Declined: Falkbeer Countergambit,C31,rnbqkbnr/ppp2ppp/8/3pp3/4PP2/8/PPPP2PP/RNBQKBNR w KQkq,  e4 e5   f4 d5
"King's Gambit Declined: Falkbeer, Milner-Barry Variation",C31,rnbqkbnr/ppp2ppp/8/3pp3/4PP2/2N5/PPPP2PP/R1BQKBNR b KQkq,  e4 e5   f4 d5   Nc3
King's Gambit Declined: Keene's Defense,C30,rnb1kbnr/pppp1ppp/8/4p3/4PP1q/8/PPPP2PP/RNBQKBNR w KQkq,  e4 e5   f4 Qh4+
"King's Gambit, Falkbeer Countergambit Accepted",C31,rnbqkbnr/ppp2ppp/8/3Pp3/5P2/8/PPPP2PP/RNBQKBNR b KQkq,  e4 e5   f4 d5   exd5
"King's Gambit, Falkbeer Countergambit, Blackburne Attack",C31,rnbqkbnr/ppp2ppp/8/3pp3/4PP2/5N2/PPPP2PP/RNBQKB1R b KQkq,  e4 e5   f4 d5   Nf3
"King's Gambit, Falkbeer Countergambit, Hinrichsen Gambit",C31,rnbqkbnr/ppp2ppp/8/3pp3/3PPP2/8/PPP3PP/RNBQKBNR b KQkq,  e4 e5   f4 d5   d4
"King's Gambit, Falkbeer Countergambit, Nimzowitsch-Marshall Countergambit",C31,rnbqkbnr/pp3ppp/2p5/3Pp3/5P2/8/PPPP2PP/RNBQKBNR w KQkq,  e4 e5   f4 d5   exd5 c6
"King's Gambit, Falkbeer Countergambit, Staunton Line",C31,rnbqkbnr/ppp2ppp/8/3P4/4pP2/8/PPPP2PP/RNBQKBNR w KQkq,  e4 e5   f4 d5   exd5 e4
King's Gambit: Panteldakis Countergambit,C30,rnbqkbnr/pppp2pp/8/4pp2/4PP2/8/PPPP2PP/RNBQKBNR w KQkq,  e4 e5   f4 f5
King's Gambit: Zilbermints Double Countergambit,C30,rnbqkbnr/pppp1p1p/8/4p1p1/4PP2/8/PPPP2PP/RNBQKBNR w KQkq,  e4 e5   f4 g5
King's Indian Attack,A07,rnbqkbnr/ppp1pppp/8/3p4/8/5NP1/PPPPPP1P/RNBQKB1R b KQkq,  Nf3 d5   g3
King's Indian Attack: Double Fianchetto,A07,rnbqkbnr/ppp1pp1p/6p1/3p4/8/5NP1/PPPPPP1P/RNBQKB1R w KQkq,  Nf3 d5   g3 g6
King's Indian Attack: Keres Variation,A07,rn1qkbnr/ppp1pppp/8/3p4/6b1/5NP1/PPPPPP1P/RNBQKB1R w KQkq,  Nf3 d5   g3 Bg4
King's Indian Attack: Omega-Delta Gambit,A07,rnbqkbnr/ppp2ppp/8/3pp3/8/5NP1/PPPPPP1P/RNBQKB1R w KQkq,  Nf3 d5   g3 e5
King's Indian Attack: Sicilian Variation,A07,rnbqkbnr/pp2pppp/8/2pp4/8/5NP1/PPPPPP1P/RNBQKB1R w KQkq,  Nf3 d5   g3 c5
King's Indian Attack: Smyslov Variation,A05,rnbqkb1r/pppppp1p/5np1/8/1P6/5NP1/P1PPPP1P/RNBQKB1R b KQkq,  Nf3 Nf6   g3 g6   b4
King's Indian Attack: Spassky Variation,A05,rnbqkb1r/p1pppppp/5n2/1p6/8/5NP1/PPPPPP1P/RNBQKB1R w KQkq,  Nf3 Nf6   g3 b5
King's Indian Attack: Symmetrical Defense,A05,rnbqkb1r/pppppp1p/5np1/8/8/5NP1/PPPPPP1P/RNBQKB1R w KQkq,  Nf3 Nf6   g3 g6
"King's Indian Defense: Fianchetto Variation, Immediate Fianchetto",E60,rnbqkb1r/pppppp1p/5np1/8/2PP4/6P1/PP2PP1P/RNBQKBNR b KQkq,  d4 Nf6   c4 g6   g3
"King's Indian Defense: Normal Variation, King's Knight Variation",E60,rnbqkb1r/pppppp1p/5np1/8/2PP4/5N2/PP2PPPP/RNBQKB1R b KQkq,  d4 Nf6   Nf3 g6   c4
King's Knight Opening,C40,rnbqkbnr/pppp1ppp/8/4p3/4P3/5N2/PPPP1PPP/RNBQKB1R b KQkq,  e4 e5   Nf3
King's Knight Opening: Konstantinopolsky,C44,r1bqkbnr/pppp1ppp/2n5/4p3/4P3/5NP1/PPPP1P1P/RNBQKB1R b KQkq,  e4 e5   Nf3 Nc6   g3
King's Knight Opening: Normal Variation,C44,r1bqkbnr/pppp1ppp/2n5/4p3/4P3/5N2/PPPP1PPP/RNBQKB1R w KQkq,  e4 e5   Nf3 Nc6
King's Pawn,B00,rnbqkbnr/pppppppp/8/8/4P3/8/PPPP1PPP/RNBQKBNR b KQkq,  e4
King's Pawn Game,C20,rnbqkbnr/pppp1ppp/8/4p3/4P3/8/PPPP1PPP/RNBQKBNR w KQkq,  e4 e5
King's Pawn Game: Alapin Opening,C20,rnbqkbnr/pppp1ppp/8/4p3/4P3/8/PPPPNPPP/RNBQKB1R b KQkq,  e4 e5   Ne2
King's Pawn Game: Bavarian Gambit,C20,rnbqkbnr/ppp2ppp/8/3pp3/2P1P3/8/PP1P1PPP/RNBQKBNR w KQkq,  e4 e5   c4 d5
King's Pawn Game: Beyer Gambit,C21,rnbqkbnr/ppp2ppp/8/3pp3/3PP3/8/PPP2PPP/RNBQKBNR w KQkq,  e4 e5   d4 d5
King's Pawn Game: Busch-Gass Gambit,C40,rnbqk1nr/pppp1ppp/8/2b1p3/4P3/5N2/PPPP1PPP/RNBQKB1R w KQkq,  e4 e5   Nf3 Bc5
"King's Pawn Game: Clam Variation, King's Gambit Reversed",C20,rnbqkbnr/pppp2pp/8/4pp2/4P3/3P4/PPP2PPP/RNBQKBNR w KQkq,  e4 e5   d3 f5
"King's Pawn Game: Clam Variation, Radisch Gambit",C20,rnbqk2r/pppp1ppp/5n2/2b1p3/4PP2/3P4/PPP3PP/RNBQKBNR w KQkq,  e4 Nf6   d3 e5   f4 Bc5
King's Pawn Game: Damiano Defense,C40,rnbqkbnr/pppp2pp/5p2/4p3/4P3/5N2/PPPP1PPP/RNBQKB1R w KQkq,  e4 e5   Nf3 f6
King's Pawn Game: Dresden Opening,C44,r1bqkbnr/pppp1ppp/2n5/4p3/2P1P3/5N2/PP1P1PPP/RNBQKB1R b KQkq,  e4 e5   Nf3 Nc6   c4
King's Pawn Game: Gunderam Gambit,C40,rnbqkbnr/pp1p1ppp/2p5/4p3/4P3/5N2/PPPP1PPP/RNBQKB1R w KQkq,  e4 e5   Nf3 c6
King's Pawn Game: King's Head Opening,C20,rnbqkbnr/pppp1ppp/8/4p3/4P3/5P2/PPPP2PP/RNBQKBNR b KQkq,  e4 e5   f3
King's Pawn Game: Leonardis Variation,C20,rnbqkbnr/pppp1ppp/8/4p3/4P3/3P4/PPP2PPP/RNBQKBNR b KQkq,  e4 e5   d3
King's Pawn Game: Macleod Attack,C20,rnbqkbnr/pppp1ppp/8/4p3/4P3/2P5/PP1P1PPP/RNBQKBNR b KQkq,  e4 e5   c3
"King's Pawn Game: Macleod Attack, Lasa Gambit",C20,rnbqkbnr/pppp2pp/8/4pp2/4P3/2P5/PP1P1PPP/RNBQKBNR w KQkq,  e4 e5   c3 f5
"King's Pawn Game: Macleod Attack, Norwalde Gambit",C20,rnbqk1nr/ppp2ppp/3b4/3pp2Q/4P3/2P5/PP1P1PPP/RNB1KBNR w KQkq,  e4 e5   c3 d5   Qh5 Bd6
King's Pawn Game: Maroczy Defense,B07,rnbqkbnr/ppp2ppp/3p4/4p3/3PP3/8/PPP2PPP/RNBQKBNR w KQkq,  d4 d6   e4 e5
King's Pawn Game: McConnell Defense,C40,rnb1kbnr/pppp1ppp/5q2/4p3/4P3/5N2/PPPP1PPP/RNBQKB1R w KQkq,  e4 e5   Nf3 Qf6
King's Pawn Game: Mengarini's Opening,C20,rnbqkbnr/pppp1ppp/8/4p3/4P3/P7/1PPP1PPP/RNBQKBNR b KQkq,  e4 e5   a3
King's Pawn Game: Napoleon Attack,C20,rnbqkbnr/pppp1ppp/8/4p3/4P3/5Q2/PPPP1PPP/RNB1KBNR b KQkq,  e4 e5   Qf3
King's Pawn Game: Nimzowitsch Defense,B00,r1bqkbnr/pppppppp/2n5/8/3PP3/8/PPP2PPP/RNBQKBNR b KQkq,  e4 Nc6   d4
King's Pawn Game: Pachman Wing Gambit,C44,r1bqkbnr/pppp1ppp/2n5/4p3/1P2P3/5N2/P1PP1PPP/RNBQKB1R b KQkq,  e4 e5   Nf3 Nc6   b4
King's Pawn Game: Tayler Opening,C44,r1bqkbnr/pppp1ppp/2n5/4p3/4P3/5N2/PPPPBPPP/RNBQK2R b KQkq,  e4 e5   Nf3 Nc6   Be2
King's Pawn Game: Tortoise Opening,C20,rnbqkbnr/pppp1ppp/8/4p3/4P3/3B4/PPPP1PPP/RNBQK1NR b KQkq,  e4 e5   Bd3
King's Pawn Game: Wayward Queen Attack,C20,rnbqkbnr/pppp1ppp/8/4p2Q/4P3/8/PPPP1PPP/RNB1KBNR b KQkq,  e4 e5   Qh5
"King's Pawn Game: Wayward Queen Attack, Kiddie Countergambit",C20,rnbqkb1r/pppp1ppp/5n2/4p2Q/4P3/8/PPPP1PPP/RNB1KBNR w KQkq,  e4 e5   Qh5 Nf6
King's Pawn Opening: Speers,B20,rnbqkb1r/pppp1ppp/5n2/4pQ2/4P3/8/PPPP1PPP/RNB1KBNR b KQkq,  e4 e5   Qg4 Nf6   Qf5
Lasker Simul Special,A00,rnbqkbnr/ppppppp1/8/7p/8/6P1/PPPPPP1P/RNBQKBNR w KQkq,  g3 h5
Latvian Gambit,C40,rnbqkbnr/pppp2pp/8/4pp2/4P3/5N2/PPPP1PPP/RNBQKB1R w KQkq,  e4 e5   Nf3 f5
Latvian Gambit Accepted,C40,rnbqkbnr/pppp2pp/8/4pP2/8/5N2/PPPP1PPP/RNBQKB1R b KQkq,  e4 e5   Nf3 f5   exf5
Latvian Gambit: Diepstraten Countergambit,C40,rnbqkbnr/pppp2pp/8/4pp2/2P1P3/5N2/PP1P1PPP/RNBQKB1R b KQkq,  e4 e5   Nf3 f5   c4
Latvian Gambit: Lobster Gambit,C40,rnbqkbnr/pppp2pp/8/4pp2/4P1P1/5N2/PPPP1P1P/RNBQKB1R b KQkq,  e4 e5   Nf3 f5   g4
Latvian Gambit: Mason Countergambit,C40,rnbqkbnr/pppp2pp/8/4pp2/3PP3/5N2/PPP2PPP/RNBQKB1R b KQkq,  e4 e5   Nf3 f5   d4
Latvian Gambit: Mayet Attack,C40,rnbqkbnr/pppp2pp/8/4pp2/2B1P3/5N2/PPPP1PPP/RNBQK2R b KQkq,  e4 e5   Nf3 f5   Bc4
"Latvian Gambit: Mayet Attack, Strautins Gambit",C40,rnbqkbnr/p1pp2pp/8/1p2pp2/2B1P3/5N2/PPPP1PPP/RNBQK2R w KQkq,  e4 e5   Nf3 f5   Bc4 b5
Latvian Gambit: Mlotkowski Variation,C40,rnbqkbnr/pppp2pp/8/4pp2/4P3/2N2N2/PPPP1PPP/R1BQKB1R b KQkq,  e4 e5   Nf3 f5   Nc3
Latvian Gambit: Senechaud Gambit,C40,rnbqkbnr/pppp2pp/8/4pp2/1P2P3/5N2/P1PP1PPP/RNBQKB1R b KQkq,  e4 e5   Nf3 f5   b4
Lemming Defense,B00,r1bqkbnr/pppppppp/n7/8/4P3/8/PPPP1PPP/RNBQKBNR w KQkq,  e4 Na6
Lion Defense: Lion's Jaw,B07,rnbqkb1r/ppp1pppp/3p1n2/8/3PP3/5P2/PPP3PP/RNBQKBNR b KQkq,  e4 d6   d4 Nf6   f3
London System,A48,rnbqkb1r/pppppp1p/5np1/8/3P1B2/5N2/PPP1PPPP/RN1QKB1R b KQkq,  d4 Nf6   Nf3 g6   Bf4
Mexican Defense,A50,r1bqkb1r/pppppppp/2n2n2/8/2PP4/8/PP2PPPP/RNBQKBNR w KQkq,  d4 Nf6   c4 Nc6
Mieses Opening,A00,rnbqkbnr/pppppppp/8/8/8/3P4/PPP1PPPP/RNBQKBNR b KQkq,  d3
Mieses Opening: Myers Spike Attack,A00,rnbqkbnr/pppppp1p/6p1/8/6P1/3P4/PPP1PP1P/RNBQKBNR b KQkq,  d3 g6   g4
Mieses Opening: Reversed Rat,A00,rnbqkbnr/pppp1ppp/8/4p3/8/3P4/PPP1PPPP/RNBQKBNR w KQkq,  d3 e5
Mikenas Defense,A40,r1bqkbnr/pppppppp/2n5/8/3P4/8/PPP1PPPP/RNBQKBNR w KQkq,  d4 Nc6
Mikenas Defense: Cannstatter Variation,A40,r1bqkbnr/pppp1ppp/8/3Pp3/2Pn4/8/PP2PPPP/RNBQKBNR w KQkq,  d4 Nc6   c4 e5   d5 Nd4
Modern Defense,B06,rnbqkbnr/pppppp1p/6p1/8/4P3/8/PPPP1PPP/RNBQKBNR w KQkq,  e4 g6
Modern Defense: Bishop Attack,B06,rnbqk1nr/ppppppbp/6p1/8/2BPP3/8/PPP2PPP/RNBQK1NR b KQkq,  e4 g6   d4 Bg7   Bc4
"Modern Defense: Bishop Attack, Buecker Gambit",B06,rnbqk1nr/p1ppppbp/6p1/1p6/2BPP3/8/PPP2PPP/RNBQK1NR w KQkq,  e4 g6   d4 Bg7   Bc4 b5
Modern Defense: Fianchetto Gambit,B06,rnbqkbnr/ppppp2p/6p1/5p2/3PP3/8/PPP2PPP/RNBQKBNR w KQkq,  e4 g6   d4 f5
"Modern Defense: Lizard Defense, Mittenberger Gambit",B06,rnbqk1nr/ppp1ppbp/6p1/3p4/3PP3/2N5/PPP2PPP/R1BQKBNR w KQkq,  e4 g6   d4 Bg7   Nc3 d5
"Modern Defense: Lizard Defense, Pirc-Diemer Gambit",A40,rnbqkb1r/pppppp1p/5np1/7P/3P4/8/PPP1PPP1/RNBQKBNR b KQkq,  d4 g6   h4 Nf6   h5
Modern Defense: Modern Pterodactyl,B06,rnbqk1nr/pp1pppbp/6p1/2p5/3PP3/2N5/PPP2PPP/R1BQKBNR w KQkq,  e4 g6   d4 Bg7   Nc3 c5
Modern Defense: Mongredien Defense,B06,rnbqk1nr/p1ppppbp/1p4p1/8/3PP3/5N2/PPP2PPP/RNBQKB1R w KQkq,  e4 g6   d4 Bg7   Nf3 b6
Modern Defense: Neo-Modern Defense,A41,rnbqk1nr/pppp1pbp/6p1/4p3/2PPP3/8/PP3PPP/RNBQKBNR w KQkq,  c4 g6   e4 Bg7   d4 e5
Modern Defense: Norwegian Defense,B06,rnbqkb1r/pppppp1p/5np1/8/3PP3/8/PPP2PPP/RNBQKBNR w KQkq,  e4 g6   d4 Nf6
Modern Defense: Standard Defense,B06,rnbqk1nr/ppp1ppbp/3p2p1/8/3PP3/2N5/PPP2PPP/R1BQKBNR w KQkq,  e4 g6   d4 Bg7   Nc3 d6
Modern Defense: Standard Line,B06,rnbqk1nr/ppppppbp/6p1/8/3PP3/2N5/PPP2PPP/R1BQKBNR b KQkq,  e4 g6   d4 Bg7   Nc3
Modern Defense: Three Pawns Attack,B06,rnbqk1nr/ppppppbp/6p1/8/3PPP2/8/PPP3PP/RNBQKBNR b KQkq,  e4 g6   d4 Bg7   f4
Modern Defense: Westermann Gambit,B06,rnbqk1nr/ppppppbp/6p1/8/3PP3/8/PPPB1PPP/RN1QKBNR b KQkq,  e4 g6   d4 Bg7   Bd2
Modern Defense: Wind Gambit,B06,rnbqk1nr/ppppppbp/6p1/8/3PP3/3B4/PPP2PPP/RNBQK1NR b KQkq,  e4 g6   d4 Bg7   Bd3
Montevideo Defense,A40,rnbqkbnr/pppppppp/8/3P4/8/8/PPP1PPPP/RNBQKBNR w KQkq,  d4 Nc6   d5 Nb8
Neo-Gruenfeld Defense,D70,rnbqkb1r/ppp1pp1p/5np1/3p4/2PP4/6P1/PP2PP1P/RNBQKBNR w KQkq,  d4 Nf6   c4 g6   g3 d5
Neo-Gruenfeld Defense: Goglidze Attack,D70,rnbqkb1r/ppp1pp1p/5np1/3p4/2PP4/5P2/PP2P1PP/RNBQKBNR w KQkq,  d4 Nf6   c4 g6   f3 d5
Neo-Gruenfeld Defense: Non- or Delayed Fianchetto,D70,rnbqkb1r/ppp1pp1p/5np1/3p4/2PP4/5N2/PP2PPPP/RNBQKB1R w KQkq,  d4 Nf6   Nf3 g6   c4 d5
Nimzo-Indian Defense,E20,rnbqkb1r/pppp1ppp/4pn2/8/2PP4/2N5/PP2PPPP/R1BQKBNR b KQkq,  d4 Nf6   c4 e6   Nc3
Nimzo-Larsen Attack,A01,rnbqkbnr/pppppppp/8/8/8/1P6/P1PPPPPP/RNBQKBNR b KQkq,  b3
Nimzo-Larsen Attack: Classical Variation,A01,rnbqkbnr/ppp1pppp/8/3p4/8/1P6/P1PPPPPP/RNBQKBNR w KQkq,  b3 d5
Nimzo-Larsen Attack: Dutch Variation,A01,rnbqkbnr/ppppp1pp/8/5p2/8/1P6/P1PPPPPP/RNBQKBNR w KQkq,  b3 f5
Nimzo-Larsen Attack: English Variation,A01,rnbqkbnr/pp1ppppp/8/2p5/8/1P6/P1PPPPPP/RNBQKBNR w KQkq,  b3 c5
Nimzo-Larsen Attack: Graz Attack,A00,rnbqkbnr/ppp1pppp/8/3p4/8/BP6/P1PPPPPP/RN1QKBNR b KQkq,  b3 d5   Ba3
Nimzo-Larsen Attack: Indian Variation,A01,rnbqkb1r/pppppppp/5n2/8/8/1P6/P1PPPPPP/RNBQKBNR w KQkq,  b3 Nf6
Nimzo-Larsen Attack: Modern Variation,A01,rnbqkbnr/pppp1ppp/8/4p3/8/1P6/P1PPPPPP/RNBQKBNR w KQkq,  b3 e5
Nimzo-Larsen Attack: Norfolk Gambit,A01,rnbqkbnr/pp2pppp/8/2pp4/4P3/1P3N2/P1PP1PPP/RNBQKB1R b KQkq,  Nf3 d5   b3 c5   e4
Nimzo-Larsen Attack: Pachman Gambit,A01,r1bqkbnr/pppp1ppp/2n5/4p3/5P2/1P6/PBPPP1PP/RN1QKBNR b KQkq,  b3 e5   Bb2 Nc6   f4
Nimzo-Larsen Attack: Ringelbach Gambit,A01,rnbqkbnr/pppp2pp/4p3/5p2/4P3/1P6/PBPP1PPP/RN1QKBNR b KQkq,  b3 f5   Bb2 e6   e4
Nimzo-Larsen Attack: Spike Variation,A01,rnbqkb1r/pppppp1p/5np1/8/6P1/1P6/PBPPPP1P/RN1QKBNR b KQkq,  b3 Nf6   Bb2 g6   g4
Nimzo-Larsen Attack: Symmetrical Variation,A01,rnbqkbnr/p1pppppp/1p6/8/8/1P6/P1PPPPPP/RNBQKBNR w KQkq,  b3 b6
Nimzowitsch Defense,B00,r1bqkbnr/pppppppp/2n5/8/4P3/8/PPPP1PPP/RNBQKBNR w KQkq,  e4 Nc6
"Nimzowitsch Defense, Declined Variation",B00,r1bqkbnr/pppppppp/2n5/8/4P3/5N2/PPPP1PPP/RNBQKB1R b KQkq,  e4 Nc6   Nf3
Nimzowitsch Defense: Franco-Nimzowitsch Variation,B00,r1bqkbnr/pppp1ppp/2n1p3/8/4P3/5N2/PPPP1PPP/RNBQKB1R w KQkq,  e4 Nc6   Nf3 e6
Nimzowitsch Defense: French Connection,B00,r1bqkbnr/pppp1ppp/2n1p3/8/4P3/2N5/PPPP1PPP/R1BQKBNR w KQkq,  e4 Nc6   Nc3 e6
Nimzowitsch Defense: Hornung Gambit,B00,r1bqkbnr/ppp1pppp/2n5/3p4/3PP3/4B3/PPP2PPP/RN1QKBNR b KQkq,  e4 Nc6   d4 d5   Be3
Nimzowitsch Defense: Kennedy Variation,B00,r1bqkbnr/pppp1ppp/2n5/4p3/3PP3/8/PPP2PPP/RNBQKBNR w KQkq,  e4 Nc6   d4 e5
"Nimzowitsch Defense: Kennedy Variation, Linksspringer Variation",B00,r1bqkbnr/pppp1ppp/2n5/3Pp3/4P3/8/PPP2PPP/RNBQKBNR b KQkq,  e4 Nc6   d4 e5   d5
Nimzowitsch Defense: Lean Variation,B00,r1bqkbnr/ppppp1pp/2n5/5p2/4P3/5N2/PPPP1PPP/RNBQKB1R w KQkq,  e4 Nc6   Nf3 f5
"Nimzowitsch Defense: Lean Variation, Colorado Counter Accepted",B00,r1bqkbnr/ppppp1pp/2n5/5P2/8/5N2/PPPP1PPP/RNBQKB1R b KQkq,  e4 Nc6   Nf3 f5   exf5
Nimzowitsch Defense: Mikenas Variation,B00,r1bqkbnr/ppp1pppp/2np4/8/3PP3/8/PPP2PPP/RNBQKBNR w KQkq,  e4 Nc6   d4 d6
Nimzowitsch Defense: Neo-Mongoloid Defense,B00,r1bqkbnr/ppppp1pp/2n2p2/8/3PP3/8/PPP2PPP/RNBQKBNR w KQkq,  e4 Nc6   d4 f6
Nimzowitsch Defense: Pirc Connection,B00,r1bqkbnr/pppppp1p/2n3p1/8/4P3/2N5/PPPP1PPP/R1BQKBNR w KQkq,  e4 Nc6   Nc3 g6
Nimzowitsch Defense: Pseudo-Spanish Variation,B00,r1bqkbnr/pppppppp/2n5/1B6/4P3/8/PPPP1PPP/RNBQK1NR b KQkq,  e4 Nc6   Bb5
Nimzowitsch Defense: Scandinavian Variation,B00,r1bqkbnr/ppp1pppp/2n5/3p4/3PP3/8/PPP2PPP/RNBQKBNR w KQkq,  e4 Nc6   d4 d5
"Nimzowitsch Defense: Scandinavian Variation, Advance Variation",B00,r1bqkbnr/ppp1pppp/2n5/3pP3/3P4/8/PPP2PPP/RNBQKBNR b KQkq,  e4 Nc6   d4 d5   e5
"Nimzowitsch Defense: Scandinavian Variation, Bogoljubov Variation",B00,r1bqkbnr/ppp1pppp/2n5/3p4/3PP3/2N5/PPP2PPP/R1BQKBNR b KQkq,  e4 Nc6   d4 d5   Nc3
"Nimzowitsch Defense: Scandinavian Variation, Bogoljubov Variation, Brandics Gambit",B00,r1bqkbnr/1pp1pppp/p1n5/3p4/3PP3/2N5/PPP2PPP/R1BQKBNR w KQkq,  e4 Nc6   d4 d5   Nc3 a6
"Nimzowitsch Defense: Scandinavian Variation, Bogoljubov Variation, Erben Gambit",B00,r1bqkbnr/ppp1pp1p/2n3p1/3p4/3PP3/2N5/PPP2PPP/R1BQKBNR w KQkq,  e4 Nc6   d4 d5   Nc3 g6
"Nimzowitsch Defense: Scandinavian Variation, Bogoljubov Variation, Heinola-Deppe Gambit",B00,r1bqkbnr/ppp2ppp/2n5/3pp3/3PP3/2N5/PPP2PPP/R1BQKBNR w KQkq,  e4 Nc6   d4 d5   Nc3 e5
Nimzowitsch Defense: Wheeler Gambit,B00,r1bqkbnr/pppppppp/2n5/8/1P2P3/8/P1PP1PPP/RNBQKBNR b KQkq,  e4 Nc6   b4
Nimzowitsch Defense: Williams Variation,B00,r1bqkbnr/ppp1pppp/2np4/8/4P3/5N2/PPPP1PPP/RNBQKB1R w KQkq,  e4 Nc6   Nf3 d6
Nimzowitsch Defense: Woodchuck Variation,B00,r1bqkbnr/1ppppppp/p1n5/8/3PP3/8/PPP2PPP/RNBQKBNR w KQkq,  e4 Nc6   d4 a6
Nimzowitsch-Larsen Attack: Polish Variation,A01,rnbqkbnr/p1pppppp/8/1p6/8/1P6/P1PPPPPP/RNBQKBNR w KQkq,  b3 b5
Old Benoni Defense,A43,rnbqkbnr/pp1ppppp/8/2p5/3P4/8/PPP1PPPP/RNBQKBNR w KQkq,  d4 c5
Old Benoni Defense: Mujannah Formation,A43,rnbqkbnr/pp1pp1pp/8/2pP1p2/8/8/PPP1PPPP/RNBQKBNR w KQkq,  d4 c5   d5 f5
Old Indian Defense,A41,rnbqkbnr/ppp1pppp/3p4/8/2PP4/8/PP2PPPP/RNBQKBNR b KQkq,  d4 d6   c4
Old Indian Defense: Ukrainian Variation,A54,rnbqkb1r/ppp2ppp/3p1n2/4p3/2PP4/2N5/PP2PPPP/R1BQKBNR w KQkq,  d4 Nf6   c4 d6   Nc3 e5
Old Indian: Aged Gibbon Gambit,A53,rnbqkb1r/ppp1pppp/3p1n2/8/2PP2P1/8/PP2PP1P/RNBQKBNR b KQkq,  d4 Nf6   c4 d6   g4
"Old Indian: Czech Variation, with Nc3",A53,rnbqkb1r/pp2pppp/2pp1n2/8/2PP4/2N5/PP2PPPP/R1BQKBNR w KQkq,  d4 Nf6   c4 d6   Nc3 c6
"Old Indian: Czech Variation, with Nf3",A53,rnbqkb1r/pp2pppp/2pp1n2/8/2PP4/5N2/PP2PPPP/RNBQKB1R w KQkq,  d4 Nf6   Nf3 c6   c4 d6
Owen Defense,B00,rnbqkbnr/p1pppppp/1p6/8/4P3/8/PPPP1PPP/RNBQKBNR w KQkq,  e4 b6
Owen Defense: Naselwaus Gambit,B00,rn1qkbnr/pbpppppp/1p6/6B1/3PP3/8/PPP2PPP/RN1QKBNR b KQkq,  e4 b6   d4 Bb7   Bg5
Owen Defense: Smith Gambit,B00,rn1qkbnr/pbpppppp/1p6/8/3PP3/5N2/PPP2PPP/RNBQKB1R b KQkq,  e4 b6   d4 Bb7   Nf3
Owen Defense: Unicorn Variation,B00,rn1qkbnr/pbppp1pp/1p3p2/8/2PPP3/8/PP3PPP/RNBQKBNR w KQkq,  e4 f6   d4 b6   c4 Bb7
Owen Defense: Wind Gambit,B00,rn1qkbnr/pbpp1ppp/1p6/4p3/3PP3/5P2/PPP3PP/RNBQKBNR w KQkq,  e4 b6   d4 Bb7   f3 e5
Paleface Attack,A45,rnbqkb1r/pppppppp/5n2/8/3P4/5P2/PPP1P1PP/RNBQKBNR b KQkq,  d4 Nf6   f3
Petrov's Defense,C42,rnbqkb1r/pppp1ppp/5n2/4p3/4P3/5N2/PPPP1PPP/RNBQKB1R w KQkq,  e4 e5   Nf3 Nf6
Philidor Defense,C41,rnbqkbnr/ppp2ppp/3p4/4p3/4P3/5N2/PPPP1PPP/RNBQKB1R w KQkq,  e4 e5   Nf3 d6
Philidor Defense: Hanham Variation,C41,r1bqkbnr/pppn1ppp/3p4/4p3/3PP3/5N2/PPP2PPP/RNBQKB1R w KQkq,  e4 e5   Nf3 d6   d4 Nd7
Philidor Defense: Lopez Countergambit,C41,rnbqkbnr/ppp3pp/3p4/4pp2/2B1P3/5N2/PPPP1PPP/RNBQK2R w KQkq,  e4 e5   Nf3 d6   Bc4 f5
Philidor Defense: Nimzowitsch Variation,C41,rnbqkb1r/ppp2ppp/3p1n2/4p3/3PP3/5N2/PPP2PPP/RNBQKB1R w KQkq,  e4 e5   Nf3 d6   d4 Nf6
Philidor Defense: Philidor Countergambit,C41,rnbqkbnr/ppp3pp/3p4/4pp2/3PP3/5N2/PPP2PPP/RNBQKB1R w KQkq,  e4 e5   Nf3 d6   d4 f5
Philidor Defense: Philidor Gambit,C41,rn1qkbnr/pppb1ppp/3p4/4p3/3PP3/5N2/PPP2PPP/RNBQKB1R w KQkq,  e4 e5   Nf3 d6   d4 Bd7
Pirc Defense,B07,rnbqkbnr/ppp1pppp/3p4/8/4P3/8/PPPP1PPP/RNBQKBNR w KQkq,  e4 d6
Pirc Defense: Roscher Gambit,B07,rnbqkb1r/ppp1pppp/3p1n2/8/3PP3/5N2/PPP2PPP/RNBQKB1R b KQkq,  e4 d6   d4 Nf6   Nf3
Polish Defense,A40,rnbqkbnr/p1pppppp/8/1p6/3P4/8/PPP1PPPP/RNBQKBNR w KQkq,  d4 b5
Polish Defense: Spassky Gambit Accepted,A40,rn1qkbnr/pbpppppp/8/1B6/3PP3/8/PPP2PPP/RNBQK1NR b KQkq,  d4 b5   e4 Bb7   Bxb5
Polish Opening,A00,rnbqkbnr/pppppppp/8/8/1P6/8/P1PPPPPP/RNBQKBNR b KQkq,  b4
Polish Opening: Baltic Defense,A00,rn1qkbnr/ppp1pppp/8/3p1b2/1P6/8/PBPPPPPP/RN1QKBNR w KQkq,  b4 d5   Bb2 Bf5
Polish Opening: Birmingham Gambit,A00,rnbqkbnr/pp1ppppp/8/2p5/1P6/8/P1PPPPPP/RNBQKBNR w KQkq,  b4 c5
Polish Opening: Bugayev Advance Variation,A00,rnbqkbnr/pppp2pp/5p2/1P2p3/8/8/PBPPPPPP/RN1QKBNR b KQkq,  b4 e5   Bb2 f6   b5
Polish Opening: Bugayev Attack,A00,rnbqkbnr/pppp1ppp/8/4p3/1P6/P7/2PPPPPP/RNBQKBNR b KQkq,  b4 e5   a3
Polish Opening: Czech Defense,A00,rnbqkbnr/ppp2ppp/3p4/4p3/1P6/8/PBPPPPPP/RN1QKBNR w KQkq,  b4 e5   Bb2 d6
Polish Opening: Dutch Defense,A00,rnbqkbnr/ppppp1pp/8/5p2/1P6/8/P1PPPPPP/RNBQKBNR w KQkq,  b4 f5
Polish Opening: German Defense,A00,rnb1kbnr/ppp1pppp/3q4/3p4/1P6/8/PBPPPPPP/RN1QKBNR w KQkq,  b4 d5   Bb2 Qd6
Polish Opening: Grigorian Variation,A00,r1bqkbnr/pppppppp/2n5/8/1P6/8/P1PPPPPP/RNBQKBNR w KQkq,  b4 Nc6
Polish Opening: Karniewski Variation,A00,rnbqkb1r/pppppppp/7n/8/1P6/8/P1PPPPPP/RNBQKBNR w KQkq,  b4 Nh6
Polish Opening: King's Indian Variation,A00,rnbqkb1r/pppppp1p/5np1/8/1P6/8/PBPPPPPP/RN1QKBNR w KQkq,  b4 Nf6   Bb2 g6
"Polish Opening: King's Indian Variation, Schiffler Attack",A00,rnbqkb1r/pppppp1p/5np1/8/1P2P3/8/PBPP1PPP/RN1QKBNR b KQkq,  b4 Nf6   Bb2 g6   e4
Polish Opening: Myers Variation,A00,rnbqkbnr/pp2pppp/2p5/3p4/PP6/8/1BPPPPPP/RN1QKBNR b KQkq,  b4 d5   Bb2 c6   a4
Polish Opening: Outflank Variation,A00,rnbqkbnr/pp1ppppp/2p5/8/1P6/8/P1PPPPPP/RNBQKBNR w KQkq,  b4 c6
Polish Opening: Queen's Indian Variation,A00,rnbqkb1r/p1pp1ppp/1p2pn2/1P6/8/8/PBPPPPPP/RN1QKBNR w KQkq,  b4 e6   Bb2 Nf6   b5 b6
Polish Opening: Queenside Defense,A00,rnbqkb1r/1ppp1ppp/p3pn2/1P6/8/8/PBPPPPPP/RN1QKBNR w KQkq,  b4 e6   Bb2 Nf6   b5 a6
Polish Opening: Symmetrical Variation,A00,rnbqkbnr/p1pppppp/8/1p6/1P6/8/P1PPPPPP/RNBQKBNR w KQkq,  b4 b5
Polish Opening: Tartakower Gambit,A00,rnbqkbnr/pppp2pp/5p2/4p3/1P2P3/8/PBPP1PPP/RN1QKBNR b KQkq,  b4 e5   Bb2 f6   e4
Polish Opening: Wolferts Gambit,A00,rnbqkbnr/pp1p1ppp/8/2p1p3/1P6/8/PBPPPPPP/RN1QKBNR w KQkq,  b4 e5   Bb2 c5
Polish Opening: Zukertort System,A04,rnbqkb1r/pppppppp/5n2/8/1P6/5N2/P1PPPPPP/RNBQKB1R b KQkq,  Nf3 Nf6   b4
Ponziani Opening,C44,r1bqkbnr/pppp1ppp/2n5/4p3/4P3/2P2N2/PP1P1PPP/RNBQKB1R b KQkq,  e4 e5   Nf3 Nc6   c3
Ponziani Opening: Ponziani Countergambit,C44,r1bqkbnr/pppp2pp/2n5/4pp2/4P3/2P2N2/PP1P1PPP/RNBQKB1R w KQkq,  e4 e5   Nf3 Nc6   c3 f5
Portuguese Opening,C20,rnbqkbnr/pppp1ppp/8/1B2p3/4P3/8/PPPP1PPP/RNBQK1NR b KQkq,  e4 e5   Bb5
Portuguese Opening: Miguel Gambit,C20,rnbqk1nr/pppp1ppp/8/1Bb1p3/1P2P3/8/P1PP1PPP/RNBQK1NR b KQkq,  e4 e5   Bb5 Bc5   b4
Portuguese Opening: Portuguese Gambit,C20,rnbqkb1r/pppp1ppp/5n2/1B2p3/3PP3/8/PPP2PPP/RNBQK1NR b KQkq,  e4 e5   Bb5 Nf6   d4
Queen's Gambit,D06,rnbqkbnr/ppp1pppp/8/3p4/2PP4/8/PP2PPPP/RNBQKBNR b KQkq,  d4 d5   c4
Queen's Gambit Accepted,D20,rnbqkbnr/ppp1pppp/8/8/2pP4/8/PP2PPPP/RNBQKBNR w KQkq,  d4 d5   c4 dxc4
Queen's Gambit Accepted: Accelerated Mannheim Variation,D20,rnbqkbnr/ppp1pppp/8/8/Q1pP4/8/PP2PPPP/RNB1KBNR b KQkq,  d4 d5   c4 dxc4   Qa4+
"Queen's Gambit Accepted: Central Variation, Greco Variation",D20,rnbqkbnr/p1p1pppp/8/1p6/2pPP3/8/PP3PPP/RNBQKBNR w KQkq,  d4 d5   c4 dxc4   e4 b5
"Queen's Gambit Accepted: Central Variation, McDonnell Defense",D20,rnbqkbnr/ppp2ppp/8/4p3/2pPP3/8/PP3PPP/RNBQKBNR w KQkq,  d4 d5   c4 dxc4   e4 e5
"Queen's Gambit Accepted: Central Variation, Rubinstein Defense",D20,rnbqkbnr/pp2pppp/8/2p5/2pPP3/8/PP3PPP/RNBQKBNR w KQkq,  d4 d5   c4 dxc4   e4 c5
Queen's Gambit Accepted: Normal Variation,D21,rnbqkbnr/ppp1pppp/8/8/2pP4/5N2/PP2PPPP/RNBQKB1R b KQkq,  d4 d5   c4 dxc4   Nf3
Queen's Gambit Accepted: Old Variation,D20,rnbqkbnr/ppp1pppp/8/8/2pP4/4P3/PP3PPP/RNBQKBNR b KQkq,  d4 d5   c4 dxc4   e3
Queen's Gambit Accepted: Saduleto Variation,D20,rnbqkbnr/ppp1pppp/8/8/2pPP3/8/PP3PPP/RNBQKBNR b KQkq,  d4 d5   c4 dxc4   e4
Queen's Gambit Accepted: Schwartz Defense,D20,rnbqkbnr/ppp1p1pp/8/5p2/2pPP3/8/PP3PPP/RNBQKBNR w KQkq,  d4 d5   c4 dxc4   e4 f5
Queen's Gambit Declined,D30,rnbqkbnr/ppp2ppp/4p3/3p4/2PP4/8/PP2PPPP/RNBQKBNR w KQkq,  d4 d5   c4 e6
Queen's Gambit Declined: Alapin Variation,D31,rnbqkbnr/p1p2ppp/1p2p3/3p4/2PP4/2N5/PP2PPPP/R1BQKBNR w KQkq,  d4 e6   c4 b6   Nc3 d5
Queen's Gambit Declined: Charousek (Petrosian) Variation,D31,rnbqk1nr/ppp1bppp/4p3/3p4/2PP4/2N5/PP2PPPP/R1BQKBNR w KQkq,  d4 d5   c4 e6   Nc3 Be7
Queen's Gambit Declined: Janowski Variation,D31,rnbqkbnr/1pp2ppp/p3p3/3p4/2PP4/2N5/PP2PPPP/R1BQKBNR w KQkq,  d4 d5   c4 e6   Nc3 a6
Queen's Gambit Declined: Normal Defense,D35,rnbqkb1r/ppp2ppp/4pn2/3p4/2PP4/2N5/PP2PPPP/R1BQKBNR w KQkq,  d4 d5   c4 e6   Nc3 Nf6
Queen's Gambit Declined: Queen's Knight Variation,D31,rnbqkbnr/ppp2ppp/4p3/3p4/2PP4/2N5/PP2PPPP/R1BQKBNR b KQkq,  d4 d5   c4 e6   Nc3
"Queen's Gambit Declined: Tarrasch Defense, Pseudo-Tarrasch",D30,rnbqkbnr/pp3ppp/4p3/2pp4/2PP4/5N2/PP2PPPP/RNBQKB1R w KQkq,  d4 d5   c4 e6   Nf3 c5
Queen's Gambit Refused: Albin Countergambit,D08,rnbqkbnr/ppp2ppp/8/3pp3/2PP4/8/PP2PPPP/RNBQKBNR w KQkq,  d4 d5   c4 e5
"Queen's Gambit Refused: Austrian Attack, Salvio Countergambit",D06,rnbqkbnr/pp2pppp/8/2P5/2Pp4/8/PP2PPPP/RNBQKBNR w KQkq,  d4 d5   c4 c5   dxc5 d4
Queen's Gambit Refused: Austrian Defense,D06,rnbqkbnr/pp2pppp/8/2pp4/2PP4/8/PP2PPPP/RNBQKBNR w KQkq,  d4 d5   c4 c5
Queen's Gambit Refused: Baltic Defense,D02,rn1qkbnr/ppp1pppp/8/3p1b2/2PP4/8/PP2PPPP/RNBQKBNR w KQkq,  d4 d5   c4 Bf5
"Queen's Gambit Refused: Baltic Defense, Queen Attack",D02,rn1qkbnr/ppp1pppp/8/3p1b2/2PP4/1Q6/PP2PPPP/RNB1KBNR b KQkq,  d4 d5   c4 Bf5   Qb3
Queen's Gambit Refused: Chigorin Defense,D07,r1bqkbnr/ppp1pppp/2n5/3p4/2PP4/8/PP2PPPP/RNBQKBNR w KQkq,  d4 d5   c4 Nc6
"Queen's Gambit Refused: Chigorin Defense, Lazard Gambit",D06,r1bqkbnr/ppp2ppp/2n5/3pp3/2PP4/5N2/PP2PPPP/RNBQKB1R w KQkq,  d4 d5   c4 Nc6   Nf3 e5
"Queen's Gambit Refused: Chigorin Defense, Tartakower Gambit",D06,r1bqkbnr/ppp2ppp/2n5/3pp3/2PP4/2N5/PP2PPPP/R1BQKBNR w KQkq,  d4 d5   c4 Nc6   Nc3 e5
Queen's Gambit Refused: Marshall Defense,D06,rnbqkb1r/ppp1pppp/5n2/3p4/2PP4/8/PP2PPPP/RNBQKBNR w KQkq,  d4 d5   c4 Nf6
Queen's Gambit Refused: Zilbermints Gambit,D06,rnbqkbnr/p1p1pppp/8/1p1p4/2PP4/8/PP2PPPP/RNBQKBNR w KQkq,  d4 d5   c4 b5
Queen's Indian Accelerated,A50,rnbqkb1r/p1pppppp/1p3n2/8/2PP4/8/PP2PPPP/RNBQKBNR w KQkq,  d4 Nf6   c4 b6
Queen's Indian Defense,A47,rnbqkb1r/p1pppppp/1p3n2/8/3P4/5N2/PPP1PPPP/RNBQKB1R w KQkq,  d4 Nf6   Nf3 b6
Queen's Pawn,A40,rnbqkbnr/pppppppp/8/8/3P4/8/PPP1PPPP/RNBQKBNR b KQkq,  d4
Queen's Pawn Game,D00,rnbqkbnr/ppp1pppp/8/3p4/3P4/8/PPP1PPPP/RNBQKBNR w KQkq,  d4 d5
Queen's Pawn Game: Anglo-Slav Opening,A41,rnbqkbnr/pp2pppp/2pp4/8/2PP4/8/PP2PPPP/RNBQKBNR w KQkq,  d4 c6   c4 d6
Queen's Pawn Game: Anti-Torre,D02,rn1qkbnr/ppp1pppp/8/3p4/3P2b1/5N2/PPP1PPPP/RNBQKB1R w KQkq,  Nf3 d5   d4 Bg4
Queen's Pawn Game: Chigorin Variation,D00,rnbqkbnr/ppp1pppp/8/3p4/3P4/2N5/PPP1PPPP/R1BQKBNR b KQkq,  d4 d5   Nc3
Queen's Pawn Game: Colle System,D04,rnbqkb1r/ppp1pppp/5n2/3p4/3P4/4PN2/PPP2PPP/RNBQKB1R b KQkq,  d4 d5   Nf3 Nf6   e3
Queen's Pawn Game: Franco-Sicilian Defense,C00,rnbqkbnr/pp1p1ppp/4p3/2p5/3PP3/8/PPP2PPP/RNBQKBNR w KQkq,  e4 e6   d4 c5
Queen's Pawn Game: Krause Variation,D02,rnbqkbnr/pp2pppp/8/2pp4/3P4/5N2/PPP1PPPP/RNBQKB1R w KQkq,  d4 d5   Nf3 c5
Queen's Pawn Game: Levitsky Attack,D00,rnbqkbnr/ppp1pppp/8/3p2B1/3P4/8/PPP1PPPP/RN1QKBNR b KQkq,  d4 d5   Bg5
"Queen's Pawn Game: Levitsky Attack, Welling Variation",D00,rn1qkbnr/ppp1pppp/8/3p2B1/3P2b1/8/PPP1PPPP/RN1QKBNR w KQkq,  d4 d5   Bg5 Bg4
Queen's Pawn Game: Liedmann Gambit,A43,rnbqkbnr/pp1ppppp/8/8/2Pp4/4P3/PP3PPP/RNBQKBNR b KQkq,  d4 c5   c4 cxd4   e3
Queen's Pawn Game: London System,D02,rnbqkb1r/ppp1pppp/5n2/3p4/3P1B2/5N2/PPP1PPPP/RN1QKB1R b KQkq,  d4 d5   Nf3 Nf6   Bf4
Queen's Pawn Game: Mason Attack,D00,rnbqkbnr/ppp1pppp/8/3p4/3P1B2/8/PPP1PPPP/RN1QKBNR b KQkq,  d4 d5   Bf4
Queen's Pawn Game: Morris Countergambit,D00,rnbqkbnr/pp2pppp/8/2pp4/3PPB2/8/PPP2PPP/RN1QKBNR b KQkq,  d4 d5   Bf4 c5   e4
Queen's Pawn Game: Steinitz Countergambit,D00,rnbqkbnr/pp2pppp/8/2pp4/3P1B2/8/PPP1PPPP/RN1QKBNR w KQkq,  d4 d5   Bf4 c5
Queen's Pawn Game: Stonewall Attack,D00,rnbqkb1r/ppp1pppp/5n2/3p4/3P4/3BP3/PPP2PPP/RNBQK1NR b KQkq,  d4 d5   e3 Nf6   Bd3
Queen's Pawn Game: Symmetrical Variation,D02,rnbqkb1r/ppp1pppp/5n2/3p4/3P4/5N2/PPP1PPPP/RNBQKB1R w KQkq,  d4 d5   Nf3 Nf6
"Queen's Pawn Game: Symmetrical Variation, Pseudo-Catalan",D02,rnbqkb1r/ppp1pppp/5n2/3p4/3P4/5NP1/PPP1PP1P/RNBQKB1R b KQkq,  d4 d5   Nf3 Nf6   g3
Queen's Pawn Game: Torre Attack,D03,rnbqkb1r/ppp1pppp/5n2/3p2B1/3P4/5N2/PPP1PPPP/RN1QKB1R b KQkq,  d4 d5   Nf3 Nf6   Bg5
"Queen's Pawn Game: Veresov Attack, Alburt Defense",D00,rn1qkbnr/ppp1pppp/8/3p1b2/3P4/2N5/PPP1PPPP/R1BQKBNR w KQkq,  d4 d5   Nc3 Bf5
"Queen's Pawn Game: Veresov Attack, Anti-Veresov",D00,rn1qkbnr/ppp1pppp/8/3p4/3P2b1/2N5/PPP1PPPP/R1BQKBNR w KQkq,  d4 d5   Nc3 Bg4
"Queen's Pawn Game: Veresov Attack, Dutch System",A80,rnbqkbnr/ppp1p1pp/8/3p1p2/3P4/2N5/PPP1PPPP/R1BQKBNR w KQkq,  d4 f5   Nc3 d5
"Queen's Pawn Game: Veresov Attack, Shaviliuk Gambit",D00,rnbqkbnr/ppp2ppp/8/3pp3/3P4/2N5/PPP1PPPP/R1BQKBNR w KQkq,  d4 d5   Nc3 e5
"Queen's Pawn Game: Veresov Attack, Shropshire Defense",D00,rnbqkbnr/ppp1ppp1/8/3p3p/3P4/2N5/PPP1PPPP/R1BQKBNR w KQkq,  d4 d5   Nc3 h5
Queen's Pawn Game: Zilbermints Countergambit,D02,rnbqkb1r/p1p1pppp/5n2/1p1p4/2PP4/5N2/PP2PPPP/RNBQKB1R w KQkq,  d4 d5   Nf3 Nf6   c4 b5
Queen's Pawn Game: Zukertort Variation,D02,rnbqkbnr/ppp1pppp/8/3p4/3P4/5N2/PPP1PPPP/RNBQKB1R b KQkq,  d4 d5   Nf3
Queen's Pawn Game: Zurich Gambit,D00,rnbqkbnr/ppp1pppp/8/3p4/3P2P1/8/PPP1PP1P/RNBQKBNR b KQkq,  d4 d5   g4
"Queen's Pawn Opening: Veresov Attack, Irish Gambit",D00,rnbqkbnr/pp2pppp/8/2pp4/3P4/2N5/PPP1PPPP/R1BQKBNR w KQkq,  d4 d5   Nc3 c5
"Queen's Pawn Opening: Veresov, Richter Attack",D00,rnbqkb1r/ppp1pppp/5n2/3p4/3P4/2N2P2/PPP1P1PP/R1BQKBNR b KQkq,  d4 Nf6   f3 d5   Nc3
"Queen's Pawn, Mengarini Attack",E60,rnbqkb1r/pppppp1p/5np1/8/2PP4/8/PPQ1PPPP/RNB1KBNR b KQkq,  d4 Nf6   c4 g6   Qc2
Rat Defense: Accelerated Gurgenidze,B07,rnbqkbnr/pp2pp1p/2pp2p1/8/3PP3/2N5/PPP2PPP/R1BQKBNR w KQkq,  e4 g6   d4 d6   Nc3 c6
Rat Defense: Antal Defense,B07,r1bqkbnr/pppnpppp/3p4/8/3PP3/8/PPP2PPP/RNBQKBNR w KQkq,  e4 d6   d4 Nd7
Rat Defense: Balogh Defense,B07,rnbqkbnr/ppp1p1pp/3p4/5p2/3PP3/8/PPP2PPP/RNBQKBNR w KQkq,  e4 d6   d4 f5
Rat Defense: English Rat,A41,rnbqkbnr/ppp2ppp/3p4/4p3/2PP4/8/PP2PPPP/RNBQKBNR w KQkq,  d4 d6   c4 e5
Rat Defense: Harmonist,B07,rnbqkbnr/ppp1pppp/3p4/8/4PP2/8/PPPP2PP/RNBQKBNR b KQkq,  e4 d6   f4
Rat Defense: Petruccioli Attack,B07,rnbqkbnr/ppp1pppp/3p4/8/4P2P/8/PPPP1PP1/RNBQKBNR b KQkq,  e4 d6   h4
Rat Defense: Small Center Defense,C00,rnbqkbnr/ppp2ppp/3pp3/8/3PP3/8/PPP2PPP/RNBQKBNR w KQkq,  d4 e6   e4 d6
Rat Defense: Spike Attack,B06,rnbqkbnr/ppp1pppp/3p4/8/4P1P1/8/PPPP1P1P/RNBQKBNR b KQkq,  e4 d6   g4
Reti Opening,A04,rnbqkbnr/pppppppp/8/8/8/5N2/PPPPPPPP/RNBQKB1R b KQkq,  Nf3
Reti Opening: Advance Variation,A09,rnbqkbnr/ppp1pppp/8/8/2Pp4/5N2/PP1PPPPP/RNBQKB1R w KQkq,  Nf3 d5   c4 d4
"Reti Opening: Advance Variation, Michel Gambit",A09,rnbqkbnr/pp2pppp/8/2p5/1PPp4/5N2/P2PPPPP/RNBQKB1R w KQkq,  Nf3 d5   c4 d4   b4 c5
"Reti Opening: Anglo-Slav Variation, Bogoljubov Variation",A12,rnbqkbnr/pp2pppp/2p5/3p4/2P5/1P3N2/P2PPPPP/RNBQKB1R b KQkq,  Nf3 d5   c4 c6   b3
Reti Opening: Penguin Variation,A09,rnbqkbnr/ppp1pppp/8/8/2Pp4/5N2/PP1PPPPP/RNBQKBR1 b Qkq,  Nf3 d5   c4 d4   Rg1
Reti Opening: Reti Accepted,A09,rnbqkbnr/ppp1pppp/8/8/2p5/5N2/PP1PPPPP/RNBQKB1R w KQkq,  Nf3 d5   c4 dxc4
Reti Opening: Zilbermints Gambit,A09,rnbqkbnr/p1p1pppp/8/1p1p4/2P5/5N2/PP1PPPPP/RNBQKB1R w KQkq,  Nf3 d5   c4 b5
Richter-Veresov Attack,D01,rnbqkb1r/ppp1pppp/5n2/3p2B1/3P4/2N5/PPP1PPPP/R2QKBNR b KQkq,  d4 Nf6   Nc3 d5   Bg5
Robatsch (Modern) Defense,B06,rnbqk1nr/ppppppbp/6p1/8/3PP3/8/PPP2PPP/RNBQKBNR w KQkq,  e4 g6   d4 Bg7
Russian Game: Modern Attack,C43,rnbqkb1r/pppp1ppp/5n2/4p3/3PP3/5N2/PPP2PPP/RNBQKB1R b KQkq,  e4 e5   Nf3 Nf6   d4
"Russian Game: Modern Attack, Symmetrical Variation",C43,rnbqkb1r/ppp2ppp/5n2/3pp3/3PP3/5N2/PPP2PPP/RNBQKB1R w KQkq,  e4 e5   Nf3 Nf6   d4 d5
Russian Game: Three Knights Game,C42,rnbqkb1r/pppp1ppp/5n2/4p3/4P3/2N2N2/PPPP1PPP/R1BQKB1R b KQkq,  e4 e5   Nf3 Nf6   Nc3
Russian Game: Urusov Gambit,C42,rnbqkb1r/pppp1ppp/5n2/4p3/2B1P3/5N2/PPPP1PPP/RNBQK2R b KQkq,  e4 e5   Nf3 Nf6   Bc4
Ruy Lopez,C60,r1bqkbnr/pppp1ppp/2n5/1B2p3/4P3/5N2/PPPP1PPP/RNBQK2R b KQkq,  e4 e5   Nf3 Nc6   Bb5
Saragossa Opening,A00,rnbqkbnr/pppppppp/8/8/8/2P5/PP1PPPPP/RNBQKBNR b KQkq,  c3
Scandinavian Defense,B01,rnbqkbnr/ppp1pppp/8/3p4/4P3/8/PPPP1PPP/RNBQKBNR w KQkq,  e4 d5
Scandinavian Defense: Blackburne-Kloosterboer Gambit,B01,rnbqkbnr/pp2pppp/2p5/3P4/8/8/PPPP1PPP/RNBQKBNR w KQkq,  e4 d5   exd5 c6
Scandinavian Defense: Mieses-Kotroc Variation,B01,rnb1kbnr/ppp1pppp/8/3q4/8/8/PPPP1PPP/RNBQKBNR w KQkq,  e4 d5   exd5 Qxd5
Scandinavian Defense: Modern Variation,B01,rnbqkb1r/ppp1pppp/5n2/3P4/8/8/PPPP1PPP/RNBQKBNR w KQkq,  e4 d5   exd5 Nf6
Scandinavian Defense: Zilbermints Gambit,B01,rnbqkbnr/ppp1pppp/8/3p4/1P2P3/8/P1PP1PPP/RNBQKBNR b KQkq,  e4 d5   b4
Scotch Game,C44,r1bqkbnr/pppp1ppp/2n5/4p3/3PP3/5N2/PPP2PPP/RNBQKB1R b KQkq,  e4 e5   Nf3 Nc6   d4
Semi-Bononi,A44,rnbqkbnr/pp3ppp/3p4/2pPp3/4P3/8/PPP2PPP/RNBQKBNR w KQkq,  d4 c5   d5 e5   e4 d6
Semi-Slav Defense: Accelerated Move Order,D31,rnbqkbnr/pp3ppp/2p1p3/3p4/2PP4/2N5/PP2PPPP/R1BQKBNR w KQkq,  d4 d5   c4 e6   Nc3 c6
Sicilian Defense,B20,rnbqkbnr/pp1ppppp/8/2p5/4P3/8/PPPP1PPP/RNBQKBNR w KQkq,  e4 c5
Sicilian Defense: Acton Extension,B27,rnbqk1nr/pp1ppp1p/6pb/2p5/2P1P3/5N2/PP1P1PPP/RNBQKB1R w KQkq,  e4 c5   Nf3 g6   c4 Bh6
Sicilian Defense: Alapin Variation,B22,rnbqkbnr/pp1ppppp/8/2p5/4P3/2P5/PP1P1PPP/RNBQKBNR b KQkq,  e4 c5   c3
Sicilian Defense: Amazon Attack,B20,rnbqkbnr/pp1ppppp/8/2p5/4P1Q1/8/PPPP1PPP/RNB1KBNR b KQkq,  e4 c5   Qg4
Sicilian Defense: Bowdler Attack,B20,rnbqkbnr/pp1ppppp/8/2p5/2B1P3/8/PPPP1PPP/RNBQK1NR b KQkq,  e4 c5   Bc4
Sicilian Defense: Brick Variation,B20,rnbqkbnr/pp1ppppp/8/2p5/4P3/7N/PPPP1PPP/RNBQKB1R b KQkq,  e4 c5   Nh3
Sicilian Defense: Brussels Gambit,B27,rnbqkbnr/pp1pp1pp/8/2p2p2/4P3/5N2/PPPP1PPP/RNBQKB1R w KQkq,  e4 c5   Nf3 f5
Sicilian Defense: Buecker Variation,B27,rnbqkbnr/pp1pppp1/7p/2p5/4P3/5N2/PPPP1PPP/RNBQKB1R w KQkq,  e4 c5   Nf3 h6
Sicilian Defense: Canal-Sokolsky Attack,B51,rnbqkbnr/pp2pppp/3p4/1Bp5/4P3/5N2/PPPP1PPP/RNBQK2R b KQkq,  e4 c5   Nf3 d6   Bb5+
Sicilian Defense: Closed,B23,rnbqkbnr/pp1p1ppp/4p3/2p5/4P3/2N5/PPPP1PPP/R1BQKBNR w KQkq,  e4 c5   Nc3 e6
Sicilian Defense: Closed Variation,B23,rnbqkbnr/pp1ppppp/8/2p5/4P3/2N5/PPPP1PPP/R1BQKBNR b KQkq,  e4 c5   Nc3
"Sicilian Defense: Closed Variation, Chameleon Variation",B23,r1bqkbnr/pp1ppppp/2n5/2p5/4P3/2N5/PPPPNPPP/R1BQKB1R b KQkq,  e4 c5   Nc3 Nc6   Nge2
"Sicilian Defense: Closed Variation, Fianchetto Variation",B24,r1bqkbnr/pp1ppppp/2n5/2p5/4P3/2N3P1/PPPP1P1P/R1BQKBNR b KQkq,  e4 c5   Nc3 Nc6   g3
"Sicilian Defense: Closed Variation, Grob Attack",B23,r1bqkbnr/pp1ppppp/2n5/2p5/4P1P1/2N5/PPPP1P1P/R1BQKBNR b KQkq,  e4 c5   Nc3 Nc6   g4
"Sicilian Defense: Closed Variation, Korchnoi Defense",B23,rnbqkbnr/pp3ppp/4p3/2pp4/4P3/2N3P1/PPPP1P1P/R1BQKBNR w KQkq,  e4 c5   Nc3 e6   g3 d5
"Sicilian Defense: Closed Variation, Traditional",B25,r1bqkbnr/pp1ppppp/2n5/2p5/4P3/2N5/PPPP1PPP/R1BQKBNR w KQkq,  e4 c5   Nc3 Nc6
Sicilian Defense: Delayed Alapin,B50,rnbqkbnr/pp2pppp/3p4/2p5/4P3/2P2N2/PP1P1PPP/RNBQKB1R b KQkq,  e4 c5   Nf3 d6   c3
Sicilian Defense: Delayed Alapin Variation,B40,rnbqkbnr/pp1p1ppp/4p3/2p5/4P3/2P2N2/PP1P1PPP/RNBQKB1R b KQkq,  e4 c5   Nf3 e6   c3
Sicilian Defense: Drazic Variation,B40,rnbqkbnr/1p1p1ppp/p3p3/2p5/3PP3/5N2/PPP2PPP/RNBQKB1R w KQkq,  e4 e6   d4 c5   Nf3 a6
Sicilian Defense: Franco-Sicilian Variation,B32,r1bqkbnr/pp1p1ppp/2n1p3/2p5/3PP3/5N2/PPP2PPP/RNBQKB1R w KQkq,  e4 c5   Nf3 Nc6   d4 e6
Sicilian Defense: Frederico Variation,B27,rnbqkbnr/pp1pp2p/6p1/2p2p2/3PP3/5N2/PPP2PPP/RNBQKB1R w KQkq,  e4 c5   Nf3 g6   d4 f5
Sicilian Defense: French Variation,B40,rnbqkbnr/pp1p1ppp/4p3/2p5/4P3/5N2/PPPP1PPP/RNBQKB1R w KQkq,  e4 c5   Nf3 e6
"Sicilian Defense: French Variation, Westerinen Attack",B40,rnbqkbnr/pp1p1ppp/4p3/2p5/4P3/1P3N2/P1PP1PPP/RNBQKB1R b KQkq,  e4 c5   Nf3 e6   b3
Sicilian Defense: Grand Prix Attack,B23,r1bqkbnr/pp1ppppp/2n5/2p5/4PP2/2N5/PPPP2PP/R1BQKBNR b KQkq,  e4 c5   Nc3 Nc6   f4
Sicilian Defense: Grob Variation,B20,rnbqkbnr/pp1ppppp/8/2p5/4P1P1/8/PPPP1P1P/RNBQKBNR b KQkq,  e4 c5   g4
Sicilian Defense: Halasz Gambit,B21,rnbqkbnr/pp1ppppp/8/8/3pPP2/8/PPP3PP/RNBQKBNR b KQkq,  e4 c5   d4 cxd4   f4
Sicilian Defense: Hyperaccelerated Dragon,B27,rnbqkbnr/pp1ppp1p/6p1/2p5/4P3/5N2/PPPP1PPP/RNBQKB1R w KQkq,  e4 c5   Nf3 g6
Sicilian Defense: Hyperaccelerated Fianchetto,A42,rnbqkbnr/pp1ppp1p/6p1/2p5/3PP3/5N2/PPP2PPP/RNBQKB1R b KQkq,  e4 c5   Nf3 g6   d4
Sicilian Defense: Hyperaccelerated Pterodactyl,B27,rnbqk1nr/pp1pppbp/6p1/2p5/3PP3/5N2/PPP2PPP/RNBQKB1R w KQkq,  e4 c5   Nf3 g6   d4 Bg7
Sicilian Defense: Jalalabad Variation,B27,rnbqkbnr/pp1p1ppp/8/2p1p3/4P3/5N2/PPPP1PPP/RNBQKB1R w KQkq,  e4 c5   Nf3 e5
Sicilian Defense: Katalimov Variation,B27,rnbqkbnr/p2ppppp/1p6/2p5/4P3/5N2/PPPP1PPP/RNBQKB1R w KQkq,  e4 c5   Nf3 b6
Sicilian Defense: Keres Variation,B20,rnbqkbnr/pp1ppppp/8/2p5/4P3/8/PPPPNPPP/RNBQKB1R b KQkq,  e4 c5   Ne2
Sicilian Defense: King David's Opening,B20,rnbqkbnr/pp1ppppp/8/2p5/4P3/8/PPPPKPPP/RNBQ1BNR b kq,  e4 c5   Ke2
Sicilian Defense: Kotov Gambit,B50,rnbqkbnr/p3pppp/3p4/1pp5/4P3/5NP1/PPPP1P1P/RNBQKB1R w KQkq,  e4 c5   Nf3 d6   g3 b5
Sicilian Defense: Kramnik Variation,B40,rnbqkbnr/pp1p1ppp/4p3/2p5/2P1P3/5N2/PP1P1PPP/RNBQKB1R b KQkq,  e4 c5   Nf3 e6   c4
Sicilian Defense: Kronberger Variation,B20,rnbqkbnr/pp1ppppp/8/2p5/4P3/N7/PPPP1PPP/R1BQKBNR b KQkq,  e4 c5   Na3
Sicilian Defense: Lasker-Dunne Attack,B20,rnbqkbnr/pp1ppppp/8/2p5/4P3/6P1/PPPP1P1P/RNBQKBNR b KQkq,  e4 c5   g3
Sicilian Defense: Marshall Counterattack,B40,rnbqkbnr/pp3ppp/4p3/2pp4/3PP3/5N2/PPP2PPP/RNBQKB1R w KQkq,  e4 c5   Nf3 e6   d4 d5
Sicilian Defense: Marshall Gambit,B23,rnbqkbnr/pp3ppp/4p3/2pp4/3PP3/2N5/PPP2PPP/R1BQKBNR w KQkq,  e4 c5   Nc3 e6   d4 d5
Sicilian Defense: McDonnell Attack,B21,rnbqkbnr/pp1ppppp/8/2p5/4PP2/8/PPPP2PP/RNBQKBNR b KQkq,  e4 c5   f4
Sicilian Defense: Mengarini Variation,B20,rnbqkbnr/pp1ppppp/8/2p5/4P3/P7/1PPP1PPP/RNBQKBNR b KQkq,  e4 c5   a3
"Sicilian Defense: Modern Variations, Anti-Qxd4 Move Order",B50,rnbqkb1r/pp2pppp/3p1n2/2p5/3PP3/5N2/PPP2PPP/RNBQKB1R w KQkq,  e4 c5   Nf3 d6   d4 Nf6
Sicilian Defense: Mongoose Variation,B27,rnb1kbnr/pp1ppppp/8/q1p5/4P3/5N2/PPPP1PPP/RNBQKB1R w KQkq,  e4 c5   Nf3 Qa5
Sicilian Defense: Morphy Gambit,B21,rnbqkbnr/pp1ppppp/8/8/3pP3/5N2/PPP2PPP/RNBQKB1R b KQkq,  d4 c5   e4 cxd4   Nf3
Sicilian Defense: Myers Attack,B20,rnbqkbnr/pp1ppppp/8/2p5/4P2P/8/PPPP1PP1/RNBQKBNR b KQkq,  e4 c5   h4
Sicilian Defense: Nimzowitsch Variation,B29,rnbqkb1r/pp1ppppp/5n2/2p5/4P3/5N2/PPPP1PPP/RNBQKB1R w KQkq,  e4 c5   Nf3 Nf6
"Sicilian Defense: Nimzowitsch Variation, Advance Variation",B29,rnbqkb1r/pp1ppppp/5n2/2p1P3/8/5N2/PPPP1PPP/RNBQKB1R b KQkq,  e4 c5   Nf3 Nf6   e5
"Sicilian Defense: Nimzowitsch Variation, Closed Variation",B29,rnbqkb1r/pp1ppppp/5n2/2p5/4P3/2N2N2/PPPP1PPP/R1BQKB1R b KQkq,  e4 c5   Nf3 Nf6   Nc3
Sicilian Defense: Nyezhmetdinov-Rossolimo Attack,B30,r1bqkbnr/pp1ppppp/2n5/1Bp5/4P3/5N2/PPPP1PPP/RNBQK2R b KQkq,  e4 c5   Nf3 Nc6   Bb5
Sicilian Defense: O'Kelly Variation,B28,rnbqkbnr/1p1ppppp/p7/2p5/4P3/5N2/PPPP1PPP/RNBQKB1R w KQkq,  e4 c5   Nf3 a6
"Sicilian Defense: O'Kelly Variation, Aronin System",B28,rnbqkbnr/1p1ppppp/p7/2p5/4P3/5N2/PPPPBPPP/RNBQK2R b KQkq,  e4 c5   Nf3 a6   Be2
"Sicilian Defense: O'Kelly Variation, Kieseritzky System",B28,rnbqkbnr/1p1ppppp/p7/2p5/4P3/1P3N2/P1PP1PPP/RNBQKB1R b KQkq,  e4 c5   Nf3 a6   b3
"Sicilian Defense: O'Kelly Variation, Maroczy Bind",B28,rnbqkbnr/1p1ppppp/p7/2p5/2P1P3/5N2/PP1P1PPP/RNBQKB1R b KQkq,  e4 c5   Nf3 a6   c4
"Sicilian Defense: O'Kelly Variation, Maroczy Bind, Paulsen Line",B28,rnbqkbnr/1p1p1ppp/p3p3/2p5/2P1P3/5N2/PP1P1PPP/RNBQKB1R w KQkq,  e4 c5   Nf3 a6   c4 e6
"Sicilian Defense: O'Kelly Variation, Maroczy Bind, Robatsch Line",B28,rnbqkbnr/1p2pppp/p2p4/2p5/2P1P3/5N2/PP1P1PPP/RNBQKB1R w KQkq,  e4 c5   Nf3 a6   c4 d6
"Sicilian Defense: O'Kelly Variation, Normal System",B28,rnbqkbnr/1p1ppppp/p7/2p5/3PP3/5N2/PPP2PPP/RNBQKB1R b KQkq,  e4 c5   Nf3 a6   d4
"Sicilian Defense: O'Kelly Variation, Quiet System",B28,rnbqkbnr/1p1ppppp/p7/2p5/4P3/3P1N2/PPP2PPP/RNBQKB1R b KQkq,  e4 c5   Nf3 a6   d3
"Sicilian Defense: O'Kelly Variation, Reti System",B28,rnbqkbnr/1p1ppppp/p7/2p5/4P3/5NP1/PPPP1P1P/RNBQKB1R b KQkq,  e4 c5   Nf3 a6   g3
"Sicilian Defense: O'Kelly Variation, Venice System",B28,rnbqkbnr/1p1ppppp/p7/2p5/4P3/2P2N2/PP1P1PPP/RNBQKB1R b KQkq,  e4 c5   Nf3 a6   c3
"Sicilian Defense: O'Kelly Variation, Venice System, Barcza Line",B28,rnbqkb1r/1p1ppppp/p4n2/2p5/4P3/2P2N2/PP1P1PPP/RNBQKB1R w KQkq,  e4 c5   Nf3 a6   c3 Nf6
"Sicilian Defense: O'Kelly Variation, Venice System, Ljubojevic Line",B28,rnbqkbnr/3ppppp/p7/1pp5/4P3/2P2N2/PP1P1PPP/RNBQKB1R w KQkq,  e4 c5   Nf3 a6   c3 b5
"Sicilian Defense: O'Kelly Variation, Venice System, Steiner Line",B28,rnbqkbnr/1p2pppp/p2p4/2p5/4P3/2P2N2/PP1P1PPP/RNBQKB1R w KQkq,  e4 c5   Nf3 a6   c3 d6
"Sicilian Defense: O'Kelly Variation, Wing Gambit",B28,rnbqkbnr/1p1ppppp/p7/2p5/1P2P3/5N2/P1PP1PPP/RNBQKB1R b KQkq,  e4 c5   Nf3 a6   b4
"Sicilian Defense: O'Kelly Variation, Yerevan System",B28,rnbqkbnr/1p1ppppp/p7/2p5/4P3/2N2N2/PPPP1PPP/R1BQKB1R b KQkq,  e4 c5   Nf3 a6   Nc3
Sicilian Defense: Old Sicilian,B30,r1bqkbnr/pp1ppppp/2n5/2p5/4P3/5N2/PPPP1PPP/RNBQKB1R w KQkq,  e4 c5   Nf3 Nc6
Sicilian Defense: Open,B32,r1bqkbnr/pp1ppppp/2n5/2p5/3PP3/5N2/PPP2PPP/RNBQKB1R b KQkq,  e4 c5   Nf3 Nc6   d4
Sicilian Defense: Polish Gambit,B27,rnbqkbnr/p2ppppp/8/1pp5/4P3/5N2/PPPP1PPP/RNBQKB1R w KQkq,  e4 c5   Nf3 b5
Sicilian Defense: Quinteros Variation,B27,rnb1kbnr/ppqppppp/8/2p5/4P3/5N2/PPPP1PPP/RNBQKB1R w KQkq,  e4 c5   Nf3 Qc7
Sicilian Defense: Smith-Morra Gambit,B21,rnbqkbnr/pp1ppppp/8/2p5/3PP3/8/PPP2PPP/RNBQKBNR b KQkq,  e4 c5   d4
"Sicilian Defense: Smith-Morra Gambit Declined, Center Formation",B21,rnbqkbnr/pp1p1ppp/8/4p3/3pP3/2P5/PP3PPP/RNBQKBNR w KQkq,  e4 c5   c3 e5   d4 cxd4
"Sicilian Defense: Smith-Morra Gambit Declined, Push Variation",B21,rnbqkbnr/pp1ppppp/8/8/4P3/2Pp4/PP3PPP/RNBQKBNR w KQkq,  e4 c5   d4 cxd4   c3 d3
"Sicilian Defense: Smith-Morra Gambit Declined, Scandinavian Formation",B21,rnbqkbnr/pp2pppp/8/3p4/3pP3/2P5/PP3PPP/RNBQKBNR w KQkq,  e4 c5   d4 cxd4   c3 d5
Sicilian Defense: Snyder Variation,B20,rnbqkbnr/pp1ppppp/8/2p5/4P3/1P6/P1PP1PPP/RNBQKBNR b KQkq,  e4 c5   b3
"Sicilian Defense: Snyder Variation, Queen Fianchetto Variation",B20,rnbqkbnr/p2ppppp/1p6/2p5/4P3/1P6/P1PP1PPP/RNBQKBNR w KQkq,  e4 c5   b3 b6
Sicilian Defense: Staunton-Cochrane Variation,B20,rnbqkbnr/pp1ppppp/8/2p5/2P1P3/8/PP1P1PPP/RNBQKBNR b KQkq,  e4 c5   c4
Sicilian Defense: Wing Gambit,B20,rnbqkbnr/pp1ppppp/8/2p5/1P2P3/8/P1PP1PPP/RNBQKBNR b KQkq,  e4 c5   b4
Sicilian Defense: Wing Gambit Deferred,B40,rnbqkbnr/pp1p1ppp/4p3/2p5/1P2P3/5N2/P1PP1PPP/RNBQKB1R b KQkq,  e4 c5   Nf3 e6   b4
"Sicilian Defense: Wing Gambit, Abrahams Variation",B20,rnbqkbnr/pp1ppppp/8/8/1p2P3/8/PBPP1PPP/RN1QKBNR b KQkq,  e4 c5   b4 cxb4   Bb2
"Sicilian Defense: Wing Gambit, Deferred Variation",B50,rnbqkbnr/pp2pppp/3p4/2p5/1P2P3/5N2/P1PP1PPP/RNBQKB1R b KQkq,  e4 c5   Nf3 d6   b4
"Sicilian Defense: Wing Gambit, Marshall Variation",B20,rnbqkbnr/pp1ppppp/8/8/1p2P3/P7/2PP1PPP/RNBQKBNR b KQkq,  e4 c5   b4 cxb4   a3
"Sicilian Defense: Wing Gambit, Santasiere Variation",B20,rnbqkbnr/pp1ppppp/8/8/1pP1P3/8/P2P1PPP/RNBQKBNR b KQkq,  e4 c5   b4 cxb4   c4
Slav Defense,D10,rnbqkbnr/pp2pppp/2p5/3p4/2PP4/8/PP2PPPP/RNBQKBNR w KQkq,  d4 d5   c4 c6
Slav Defense: Diemer Gambit,B12,rnbqkbnr/pp2pppp/2p5/3p4/2PPP3/8/PP3PPP/RNBQKBNR b KQkq,  c4 c6   e4 d5   d4
Slav Defense: Exchange Variation,D10,rnbqkbnr/pp2pppp/2p5/3P4/3P4/8/PP2PPPP/RNBQKBNR b KQkq,  d4 d5   c4 c6   cxd5
Slav Defense: Modern,D11,rnbqkb1r/pp2pppp/2p2n2/3p4/2PP4/5N2/PP2PPPP/RNBQKB1R w KQkq,  d4 d5   c4 c6   Nf3 Nf6
Slav Defense: Modern Line,D11,rnbqkbnr/pp2pppp/2p5/3p4/2PP4/5N2/PP2PPPP/RNBQKB1R b KQkq,  d4 d5   c4 c6   Nf3
Slav Defense: Winawer Countergambit,D10,rnbqkbnr/pp3ppp/2p5/3pp3/2PP4/2N5/PP2PPPP/R1BQKBNR w KQkq,  d4 d5   c4 c6   Nc3 e5
Slav Indian,A50,rnbqkb1r/pp1ppppp/2p2n2/8/2PP4/8/PP2PPPP/RNBQKBNR w KQkq,  d4 Nf6   c4 c6
Slav Indian: Kudischewitsch Gambit,A50,rnbqkb1r/p2ppppp/2p2n2/1p6/2PP4/5N2/PP2PPPP/RNBQKB1R w KQkq,  d4 c6   Nf3 Nf6   c4 b5
Sodium Attack,A00,rnbqkbnr/pppppppp/8/8/8/N7/PPPPPPPP/R1BQKBNR b KQkq,  Na3
Sodium Attack: Chenoboskion Variation,A00,rnbqkbnr/pppppp1p/6p1/8/6P1/N7/PPPPPP1P/R1BQKBNR b KQkq,  Na3 g6   g4
System: Double Duck Formation,A02,rnbqkbnr/ppp1p1pp/8/3p1p2/3P1P2/8/PPP1P1PP/RNBQKBNR w KQkq,  f4 f5   d4 d5
Tarrasch Defense,D32,rnbqkbnr/pp3ppp/4p3/2pp4/2PP4/2N5/PP2PPPP/R1BQKBNR w KQkq,  d4 d5   c4 e6   Nc3 c5
Three Knights Opening,C46,r1bqkbnr/pppp1ppp/2n5/4p3/4P3/2N2N2/PPPP1PPP/R1BQKB1R b KQkq,  e4 e5   Nf3 Nc6   Nc3
Torre Attack,A46,rnbqkb1r/pppppppp/5n2/8/3P4/5N2/PPP1PPPP/RNBQKB1R b KQkq,  d4 Nf6   Nf3
Trompowsky Attack,A45,rnbqkb1r/pppppppp/5n2/6B1/3P4/8/PPP1PPPP/RN1QKBNR b KQkq,  d4 Nf6   Bg5
Trompowsky Attack: Classical Defense,A45,rnbqkb1r/pppp1ppp/4pn2/6B1/3P4/8/PPP1PPPP/RN1QKBNR w KQkq,  d4 Nf6   Bg5 e6
"Trompowsky Attack: Classical Defense, Big Center Variation",A45,rnbqkb1r/pppp1ppp/4pn2/6B1/3PP3/8/PPP2PPP/RN1QKBNR b KQkq,  d4 Nf6   Bg5 e6   e4
Trompowsky Attack: Edge Variation,A45,rnbqkb1r/pppppppp/8/8/3Pn2B/8/PPP1PPPP/RN1QKBNR b KQkq,  d4 Nf6   Bg5 Ne4   Bh4
Trompowsky Attack: Raptor Variation,A45,rnbqkb1r/pppppppp/8/6B1/3Pn2P/8/PPP1PPP1/RN1QKBNR b KQkq,  d4 Nf6   Bg5 Ne4   h4
Valencia Opening,A00,rnbqkbnr/pppp1ppp/8/4p3/8/3P4/PPPNPPPP/R1BQKBNR b KQkq,  d3 e5   Nd2
Van Geet Opening,A00,rnbqkbnr/pppppppp/8/8/8/2N5/PPPPPPPP/R1BQKBNR b KQkq,  Nc3
Van Geet Opening: Battambang Variation,A00,rnbqkbnr/pppp1ppp/8/4p3/8/P1N5/1PPPPPPP/R1BQKBNR b KQkq,  a3 e5   Nc3
Van Geet Opening: Billockus-Johansen Gambit,A00,rnbqk1nr/pppp1ppp/8/2b1p3/8/2N2N2/PPPPPPPP/R1BQKB1R w KQkq,  Nc3 e5   Nf3 Bc5
Van Geet Opening: Damhaug Gambit,A00,rnbqkbnr/ppp2ppp/8/3pp3/5P2/2N5/PPPPP1PP/R1BQKBNR w KQkq,  Nc3 d5   f4 e5
Van Geet Opening: Dougherty Gambit,A00,rnbqkbnr/ppp1pppp/8/8/4p3/2N2P2/PPPP2PP/R1BQKBNR b KQkq,  Nc3 d5   e4 dxe4   f3
Van Geet Opening: Duesseldorf Gambit,A00,rnbqkbnr/pp1ppppp/8/2p5/1P6/2N5/P1PPPPPP/R1BQKBNR b KQkq,  Nc3 c5   b4
Van Geet Opening: Dunst-Perrenet Gambit,A00,rnbqkbnr/ppp1pppp/8/8/4p3/2NP4/PPP2PPP/R1BQKBNR b KQkq,  Nc3 d5   e4 dxe4   d3
Van Geet Opening: Hector Gambit,A00,rnbqkbnr/ppp1pppp/8/8/2B1p3/2N5/PPPP1PPP/R1BQK1NR b KQkq,  Nc3 d5   e4 dxe4   Bc4
Van Geet Opening: Kluever Gambit,A00,rnbqkbnr/ppppp1pp/8/8/4p3/2NP4/PPP2PPP/R1BQKBNR b KQkq,  Nc3 f5   e4 fxe4   d3
Van Geet Opening: Laroche Gambit,A00,rnbqkbnr/p1pppppp/8/1p6/8/2N5/PPPPPPPP/R1BQKBNR w KQkq,  Nc3 b5
Van Geet Opening: Melleby Gambit,A00,rnbqkbnr/pp2pppp/8/2p5/3pNP2/8/PPPPP1PP/R1BQKBNR w KQkq,  Nc3 d5   f4 d4   Ne4 c5
Van Geet Opening: Myers Attack,A00,rnbqkbnr/pppppp1p/6p1/8/7P/2N5/PPPPPPP1/R1BQKBNR b KQkq,  Nc3 g6   h4
Van Geet Opening: Napoleon Attack,A00,r1bqkbnr/pppp1ppp/2n5/4p3/3P4/2N2N2/PPP1PPPP/R1BQKB1R b KQkq,  Nc3 e5   Nf3 Nc6   d4
Van Geet Opening: Nowokunski Gambit,A00,rnbqkbnr/pppp1ppp/8/8/4Pp2/2N5/PPPP2PP/R1BQKBNR b KQkq,  e4 e5   f4 exf4   Nc3
Van Geet Opening: Pfeiffer Gambit,A00,rnbqkbnr/ppp2ppp/8/4p3/3pNP2/8/PPPPP1PP/R1BQKBNR w KQkq,  Nc3 d5   f4 d4   Ne4 e5
Van Geet Opening: Reversed Nimzowitsch,A00,rnbqkbnr/pppp1ppp/8/4p3/8/2N5/PPPPPPPP/R1BQKBNR w KQkq,  Nc3 e5
Van Geet Opening: Sleipnir Gambit,A00,rnbqk1nr/ppp2ppp/8/3pp3/1b1P4/2N1P3/PPP2PPP/R1BQKBNR w KQkq,  Nc3 d5   e3 e5   d4 Bb4
Van Geet Opening: Tuebingen Gambit,A00,rnbqkb1r/pppppppp/5n2/8/6P1/2N5/PPPPPP1P/R1BQKBNR b KQkq,  Nc3 Nf6   g4
Van Geet Opening: Twyble Attack,A00,rnbqkbnr/pp1ppppp/8/2p5/8/2N5/PPPPPPPP/1RBQKBNR b Kkq,  Nc3 c5   Rb1
Van Geet Opening: Venezolana Variation,A00,rnbqkb1r/ppp1pppp/5n2/3p4/8/2NP2P1/PPP1PP1P/R1BQKBNR b KQkq,  Nc3 d5   d3 Nf6   g3
Van Geet Opening: Warsteiner Gambit,A00,rnbqkbnr/ppp1pp1p/8/3p2p1/5P2/2N5/PPPPP1PP/R1BQKBNR w KQkq,  Nc3 d5   f4 g5
Van't Kruijs Opening,A00,rnbqkbnr/pppppppp/8/8/8/4P3/PPPP1PPP/RNBQKBNR b KQkq,  e3
Van't Kruijs Opening: Bouncing Bishop Variation,A00,rnbqkbnr/p1pp1ppp/8/1p2p3/8/1B2P3/PPPP1PPP/RNBQK1NR b KQkq,  e3 e5   Bc4 b5   Bb3
Venezolana Opening,A00,r1bqkbnr/pp1ppppp/2n5/2p5/8/2NP2P1/PPP1PP1P/R1BQKBNR b KQkq,  d3 c5   Nc3 Nc6   g3
Vienna Game,C27,rnbqkbnr/pppp1ppp/8/4p3/4P3/2N5/PPPP1PPP/R1BQKBNR b KQkq,  e4 e5   Nc3
Vienna Game: Anderssen Defense,C25,rnbqk1nr/pppp1ppp/8/2b1p3/4P3/2N5/PPPP1PPP/R1BQKBNR w KQkq,  e4 e5   Nc3 Bc5
Vienna Game: Falkbeer Variation,C26,rnbqkb1r/pppp1ppp/5n2/4p3/4P3/2N5/PPPP1PPP/R1BQKBNR w KQkq,  e4 e5   Nc3 Nf6
Vienna Game: Fyfe Gambit,C23,r1bqkbnr/pppp1ppp/2n5/4p3/3PP3/2N5/PPP2PPP/R1BQKBNR b KQkq,  e4 e5   Nc3 Nc6   d4
Vienna Game: Giraffe Attack,C25,rnbqk1nr/pppp1ppp/8/2b1p3/4P1Q1/2N5/PPPP1PPP/R1B1KBNR b KQkq,  e4 e5   Nc3 Bc5   Qg4
Vienna Game: Hamppe-Meitner Variation,C25,rnbqk1nr/pppp1ppp/8/2b1p3/N3P3/8/PPPP1PPP/R1BQKBNR b KQkq,  e4 e5   Nc3 Bc5   Na4
Vienna Game: Max Lange Defense,C25,r1bqkbnr/pppp1ppp/2n5/4p3/4P3/2N5/PPPP1PPP/R1BQKBNR w KQkq,  e4 e5   Nc3 Nc6
Vienna Game: Mengarini Variation,C26,rnbqkb1r/pppp1ppp/5n2/4p3/4P3/P1N5/1PPP1PPP/R1BQKBNR b KQkq,  e4 e5   Nc3 Nf6   a3
Vienna Game: Mieses Variation,C26,rnbqkb1r/pppp1ppp/5n2/4p3/4P3/2N3P1/PPPP1P1P/R1BQKBNR b KQkq,  e4 e5   Nc3 Nf6   g3
Vienna Game: Omaha Gambit,C25,rnbqkbnr/ppp2ppp/3p4/4p3/4PP2/2N5/PPPP2PP/R1BQKBNR b KQkq,  e4 e5   Nc3 d6   f4
Vienna Game: Paulsen Variation,C25,r1bqkbnr/pppp1ppp/2n5/4p3/4P3/2N3P1/PPPP1P1P/R1BQKBNR b KQkq,  e4 e5   Nc3 Nc6   g3
Vienna Game: Philidor Countergambit,C23,r1bqkbnr/pppp2pp/2n5/4pp2/3PP3/2N5/PPP2PPP/R1BQKBNR w KQkq,  e4 e5   Nc3 Nc6   d4 f5
Vienna Game: Stanley Variation,C26,rnbqkb1r/pppp1ppp/5n2/4p3/2B1P3/2N5/PPPP1PPP/R1BQK1NR b KQkq,  e4 e5   Nc3 Nf6   Bc4
Vienna Game: Vienna Gambit,C25,r1bqkbnr/pppp1ppp/2n5/4p3/4PP2/2N5/PPPP2PP/R1BQKBNR b KQkq,  e4 e5   Nc3 Nc6   f4
"Vienna Game: Vienna Gambit, Main Line",C29,rnbqkb1r/ppp2ppp/5n2/3pp3/4PP2/2N5/PPPP2PP/R1BQKBNR w KQkq,  e4 e5   Nc3 Nf6   f4 d5
Vienna Game: Zhuravlev Countergambit,C25,rnbqk1nr/pppp1ppp/8/4p3/1b2P3/2N5/PPPP1PPP/R1BQKBNR w KQkq,  e4 e5   Nc3 Bb4
Vulture Defense,A56,rnbqkb1r/pp1ppppp/8/2pP4/2P1n3/8/PP2PPPP/RNBQKBNR w KQkq,  d4 Nf6   c4 c5   d5 Ne4
Wade Defense,A41,rn1qkbnr/ppp1pppp/3p4/8/3P2b1/5N2/PPP1PPPP/RNBQKB1R w KQkq,  d4 d6   Nf3 Bg4
Ware Defense,B00,rnbqkbnr/1ppppppp/8/p7/4P3/8/PPPP1PPP/RNBQKBNR w KQkq,  e4 a5
Ware Defense: Snagglepuss Defense,A40,r1bqkbnr/1ppppppp/2n5/p7/3PP3/8/PPP2PPP/RNBQKBNR w KQkq,  e4 a5   d4 Nc6
Ware Opening,A00,rnbqkbnr/pppppppp/8/8/P7/8/1PPPPPPP/RNBQKBNR b KQkq,  a4
Ware Opening: Cologne Gambit,A00,r1bqkbnr/p1pnpppp/1p6/3p4/P2P4/2N5/1PP1PPPP/R1BQKBNR w KQkq,  a4 b6   d4 d5   Nc3 Nd7
Ware Opening: Meadow Hay Trap,A00,rnbqkbnr/pppp1ppp/8/4p3/P7/R7/1PPPPPPP/1NBQKBNR b Kkq,  a4 e5   Ra3
Ware Opening: Wing Gambit,A00,rn1qkbnr/pbpppppp/8/1P6/8/8/1PPPPPPP/RNBQKBNR w KQkq,  a4 b5   axb5 Bb7
Yusupov-Rubinstein System,A46,rnbqkb1r/pppp1ppp/4pn2/8/3P4/4PN2/PPP2PPP/RNBQKB1R b KQkq,  d4 Nf6   Nf3 e6   e3
Zukertort Defense: Drunken Cavalry Variation,A04,r1bqkb1r/pppppppp/n6n/8/4P3/5N2/PPPP1PPP/RNBQKB1R w KQkq,  Nf3 Na6   e4 Nh6
Zukertort Defense: Kingside Variation,A04,rnbqkb1r/pppppp1p/6pn/8/3P4/5N2/PPP1PPPP/RNBQKB1R w KQkq,  d4 g6   Nf3 Nh6
Zukertort Defense: Sicilian Knight Variation,A04,r1bqkbnr/pp1ppppp/n7/2p5/4P3/5N2/PPPP1PPP/RNBQKB1R w KQkq,  e4 Na6   Nf3 c5
Zukertort Opening,A04,r1bqkb1r/pppppppp/2n2n2/8/8/2N2N2/PPPPPPPP/R1BQKB1R w KQkq,  Nf3 Nf6   Nc3 Nc6
Zukertort Opening: Ampel Variation,A06,rnbqkbnr/ppp1pppp/8/3p4/8/5N2/PPPPPPPP/RNBQKBR1 b Qkq,  Nf3 d5   Rg1
Zukertort Opening: Arctic Defense,A04,rnbqkbnr/ppppp1pp/5p2/8/8/5N2/PPPPPPPP/RNBQKB1R w KQkq,  Nf3 f6
Zukertort Opening: Basman Defense,A04,rnbqkbnr/ppppppp1/7p/8/8/5N2/PPPPPPPP/RNBQKB1R w KQkq,  Nf3 h6
Zukertort Opening: Black Mustang Defense,A04,r1bqkbnr/pppppppp/2n5/8/8/5N2/PPPPPPPP/RNBQKB1R w KQkq,  Nf3 Nc6
Zukertort Opening: Dutch Variation,A04,rnbqkbnr/ppppp1pp/8/5p2/8/5N2/PPPPPPPP/RNBQKB1R w KQkq,  Nf3 f5
Zukertort Opening: Herrstrom Gambit,A04,rnbqkbnr/pppppp1p/8/6p1/8/5N2/PPPPPPPP/RNBQKB1R w KQkq,  Nf3 g5
Zukertort Opening: Kingside Fianchetto,A04,rnbqkbnr/pppppp1p/6p1/8/8/5N2/PPPPPPPP/RNBQKB1R w KQkq,  Nf3 g6
Zukertort Opening: Lemberger Gambit,A04,rnbqkb1r/pppppppp/5n2/8/4P3/5N2/PPPP1PPP/RNBQKB1R b KQkq,  Nf3 Nf6   e4
Zukertort Opening: Lisitsyn Gambit,A04,rnbqkbnr/ppppp1pp/8/5p2/4P3/5N2/PPPP1PPP/RNBQKB1R b KQkq,  Nf3 f5   e4
Zukertort Opening: Lisitsyn Gambit Deferred,A04,rnbqkb1r/ppppp1pp/5n2/5p2/4P3/3P1N2/PPP2PPP/RNBQKB1R b KQkq,  Nf3 f5   d3 Nf6   e4
Zukertort Opening: Myers Polish Attack,A04,rnbqkb1r/pppppp1p/5np1/8/PP6/5N2/2PPPPPP/RNBQKB1R b KQkq,  Nf3 Nf6   a4 g6   b4
Zukertort Opening: Nimzo-Larsen Variation,A04,rnbqkb1r/pppppppp/5n2/8/8/1P3N2/P1PPPPPP/RNBQKB1R b KQkq,  Nf3 Nf6   b3
Zukertort Opening: Old Indian Attack,A06,rnbqkbnr/ppp1pppp/8/3p4/8/3P1N2/PPP1PPPP/RNBQKB1R b KQkq,  Nf3 d5   d3
Zukertort Opening: Pirc Invitation,A04,rnbqkbnr/ppp1pppp/3p4/8/8/5N2/PPPPPPPP/RNBQKB1R w KQkq,  Nf3 d6
Zukertort Opening: Polish Defense,A04,rnbqkbnr/p1pppppp/8/1p6/8/5N2/PPPPPPPP/RNBQKB1R w KQkq,  Nf3 b5
Zukertort Opening: Queen's Gambit Invitation,A04,rnbqkbnr/pppp1ppp/4p3/8/8/5N2/PPPPPPPP/RNBQKB1R w KQkq,  Nf3 e6
Zukertort Opening: Queenside Fianchetto Variation,A04,rnbqkbnr/p1pppppp/1p6/8/8/5N2/PPPPPPPP/RNBQKB1R w KQkq,  Nf3 b6
Zukertort Opening: Quiet System,A04,rnbqkb1r/pppppppp/5n2/8/8/4PN2/PPPP1PPP/RNBQKB1R b KQkq,  Nf3 Nf6   e3
Zukertort Opening: Reversed Mexican Defense,A06,rnbqkbnr/ppp1pppp/8/3p4/8/2N2N2/PPPPPPPP/R1BQKB1R b KQkq,  Nc3 d5   Nf3
Zukertort Opening: Ross Gambit,A04,rnbqkbnr/pppp1ppp/8/4p3/8/5N2/PPPPPPPP/RNBQKB1R w KQkq,  Nf3 e5
Zukertort Opening: Santasiere's Folly,A06,rnbqkbnr/ppp1pppp/8/3p4/1P6/5N2/P1PPPPPP/RNBQKB1R b KQkq,  b4 d5   Nf3
Zukertort Opening: Sicilian Invitation,A04,rnbqkbnr/pp1ppppp/8/2p5/8/5N2/PPPPPPPP/RNBQKB1R w KQkq,  Nf3 c5
Zukertort Opening: Slav Invitation,A04,rnbqkbnr/pp1ppppp/2p5/8/8/5N2/PPPPPPPP/RNBQKB1R w KQkq,  Nf3 c6
Zukertort Opening: Speelsmet Gambit,A04,rnbqkbnr/pp1ppppp/8/8/3p4/4PN2/PPP2PPP/RNBQKB1R b KQkq,  Nf3 c5   d4 cxd4   e3
Zukertort Opening: Tennison Gambit,A06,rnbqkbnr/ppp1pppp/8/3p4/4P3/5N2/PPPP1PPP/RNBQKB1R b KQkq,  e4 d5   Nf3
Zukertort Opening: The Potato,A06,rnbqkbnr/ppp1pppp/8/3p4/P7/5N2/1PPPPPPP/RNBQKB1R b KQkq,  Nf3 d5   a4
Zukertort Opening: Vos Gambit,A04,rnbqkbnr/ppp2ppp/3p4/4p3/3P4/5N2/PPP1PPPP/RNBQKB1R w KQkq,  Nf3 d6   d4 e5
Zukertort Opening: Wade Defense,A04,rn1qkbnr/ppp1pppp/3p4/8/4P1b1/5N2/PPPP1PPP/RNBQKB1R w KQkq,  Nf3 d6   e4 Bg4
Zukertort Opening: Ware Defense,A04,rnbqkbnr/1ppppppp/8/p7/8/5N2/PPPPPPPP/RNBQKB1R w KQkq,  Nf3 a5
